Word,Length,Freq_HAL,Log_Freq_HAL,SUBTLWF,LgSUBTLWF,SUBTLCD,LgSUBTLCD,Ortho_N,Phono_N,Phono_N_H,OG_N,OG_N_H,Freq_N,Freq_N_P,Freq_N_PH,Freq_N_OG,Freq_N_OGH,Freq_Greater,Freq_G_Mean,Freq_Less,Freq_L_Mean,Freq_Rel,Concreteness_Rating,Semantic_Neighborhood_Density,Semantic_Neighbors,Semantic_Diversity,Age_Of_Acquisition,Body_Object_Interaction,Emotional_Valence,Emotional_Arousal,Emotional_Dominance,BG_Sum,BG_Mean,BG_Freq_By_Pos,Pron,NPhon,NSyll,MorphSp,MorphPr,NMorph,POS,I_Mean_RT,I_Zscore,I_SD,Obs,I_Mean_Accuracy,I_NMG_Mean_RT,I_NMG_Zscore,I_NMG_SD,I_NMG_Obs,I_NMG_Mean_Accuracy
adequate,8,"8,178",9.009,2.59,2.124,1.32,2.049,0,0,0,0,0,,,,,,,,,,,1.97,0.61,"3,538",2.076,10.35,,4.7,3.64,6.89,"25,915","3,702.14","2,958","""a.4@.kw@t",7,3,{adequ--ate},"{""a.4@.kw--@t}",2,JJ,674.688,-0.276,134.676,26,0.97,723.423,-0.25,265.907,,0.929
adorable,8,935,6.841,10.53,2.731,5.2,2.64,1,0,0,0,0,2.9,,,,,0,,1,2.9,2.37,1.86,0.288,0,1.427,6.94,,7.4,4.66,6.83,"25,138","3,591.14","2,587","@.d""Or.@.bl=",7,4,{adore}>able>,"{@.d""Or}.>@.bl=>",2,JJ,787.061,-0.04,265.024,27,0.97,622.481,-0.403,171.333,,1
afraid,6,"23,303",10.056,247.67,4.101,58.94,3.694,0,2,2,0,0,,2.191,2.191,,,,,,,,2.7,0.584,"1,760",1.652,4.42,1.333,2.25,5.12,2.71,"10,601","2,120.20","1,407","@.fr""ed",5,2,{afraid},"{@.fr""ed}",1,JJ,599.594,-0.587,197.277,29,1,653.759,-0.356,195.839,,1
ancient,7,"18,204",9.809,21.67,3.044,8.8,2.869,0,0,0,0,0,,,,,,,,,,,2.04,0.655,"6,657",1.702,8.26,,7.24,3.48,4.86,"28,314","4,719.00","3,429","""en.Sn=t",5,2,{ancient},"{""en.Sn=t}",1,JJ|NN,624.091,-0.578,184.107,21,0.97,621.714,-0.508,174.504,,0.955
angles,6,"3,573",8.181,3.22,2.217,1.63,2.14,3,3,3,2,2,6.6,6.566,6.566,7.131,7.131,0,,3,6.6,1.24,3.59,0.583,"1,593",1.582,8.05,,,,,"36,352","7,270.40","3,218","""aN.gl=z",5,2,{angle}>s>,"{""aN.gl=}>z>",2,NN|VB,635.97,-0.436,149.138,25,0.97,703.32,-0.038,282.162,,0.926
angry,5,"13,441",9.506,58.98,3.478,22.22,3.271,0,0,0,0,0,,,,,,,,,,,2.53,0.618,"4,414",1.699,4.45,2.13,2.53,6.2,4.11,"18,453","4,613.25","1,104","""aN.gri",5,2,{angry},"{""aN.gri}",1,JJ,559.97,-0.812,130.784,28,0.97,624.893,-0.546,261.544,,1
annoyed,7,"3,693",8.214,3.43,2.245,1.78,2.176,0,2,2,0,0,,9.005,9.005,,,,,,,,2.89,0.544,0,1.624,7.72,,2.8,5.29,4.08,"18,640","3,106.67","2,546","@.n""OId",4,2,{annoy}>ed>,"{@.n""OI}>d>",2,VB|JJ,725.367,-0.142,246.136,29,0.94,614.276,-0.377,128.624,,1
antler,6,85,4.443,0.29,1.204,0.15,1.146,2,0,0,0,0,5,,,,,2,5,0,,0.89,4.86,0.307,0,,6.39,,,,,"33,308","6,661.60","5,164","""ant.l@`",5,2,{antler},"{""ant.l@`}",1,NN,789.194,-0.102,374.909,28,0.91,650.286,-0.225,176.98,,1
architects,10,"1,790",7.49,1.08,1.748,0.45,1.591,0,0,9,0,0,,,4.304,,,,,,,,,0.597,"3,203",1.229,10.12,,,,,"32,196","3,577.33","3,162","""Ar.kI.tEkts",9,3,{architect}>s>,"{""Ar.kI.tEkt}>s>",2,NN,844.6,0.206,354.992,25,0.94,688.96,-0.183,226.193,,0.962
articulate,10,"1,695",7.435,1.67,1.935,0.87,1.869,0,0,0,0,0,,,,,,,,,,,2.2,0.481,0,1.828,13,,6.55,4.27,6.89,"46,199","5,133.22","3,979","Ar.t""I.kj@.l@t",10,4,{articul--ate},"{Ar.t""I.kj@.l--@t}",2,JJ,864.882,0.161,386.957,27,1,715.852,-0.084,182.387,,1
ash,3,"3,594",8.187,9.2,2.672,1.7,2.158,6,12,14,1,1,7.8,11.338,10.787,10.304,10.304,3,10.1,3,5.4,1.05,4.96,0.604,"3,797",1.677,6.627,4.333,,,,"5,720","2,860.00",383,"""aS",2,1,{ash},"{""aS}",1,NN,623,-0.6,157.143,25,1,601.64,-0.54,125.784,,1
attractive,10,"12,510",9.434,24.63,3.099,10.5,2.946,0,1,1,0,0,,7.112,7.112,,,,,,,,2.64,0.618,"4,733",2.022,8.58,,7.19,4.91,6.81,"38,084","4,231.56","4,057","@.tr""akt.Iv",8,3,{attract}>ive>,"{@.tr""akt}.>Iv>",2,JJ,688.667,-0.365,218.451,28,0.97,645.821,-0.493,133.551,,1
bad,3,"153,580",11.942,545.18,4.444,86,3.858,23,40,46,17,17,8.8,7.597,7.352,9.017,9.017,1,13.5,22,8.5,1.36,1.68,0.669,"8,258",1.979,2.79,1.889,3.24,4.86,3.56,"3,752","1,876.00","1,260","b""ad",3,1,{bad},"{b""ad}",1,JJ|NN|RB,602.029,-0.639,219.605,26,1,579.423,-0.642,119.441,,1
baggage,7,"1,875",7.536,6.24,2.504,2.67,2.352,0,1,1,0,0,,5.1,5.1,,,,,,,,4.43,0.532,0,1.491,7.52,5.966,4.5,4,5.95,"9,161","1,526.83","2,318","b""ag.IdZ",5,2,{bag}>age>,"{b""ag}.>IdZ>",2,NN,655.818,-0.435,232.131,26,0.97,674.462,-0.267,205.918,,0.963
ballad,6,985,6.893,1.41,1.863,0.66,1.748,1,3,3,0,0,4.6,7.271,7.271,,,0,,1,4.6,1.49,3.88,0.578,"1,086",1.131,11.21,2.32,6.33,3.6,6.32,"17,784","3,556.80","4,038","b""a.l@d",5,2,{ballad},"{b""a.l@d}",1,NN,784.233,-0.136,326.486,25,0.88,667.08,-0.179,135.674,,0.962
bass,4,"17,075",9.745,7.55,2.587,2.67,2.352,18,28,31,4,7,7.4,7.014,7.151,7.032,7.823,3,10.7,15,6.7,1.32,4.31,0.637,"5,644",1.017,8.63,4.37,5.23,4.87,5.89,"8,621","2,873.67","2,368","b""es",3,1,{bass},"{b""es}",1,NN,612.613,-0.622,363.355,24,0.97,748.167,-0.093,258.879,,0.889
bathroom,8,"6,414",8.766,61.67,3.498,21.88,3.264,0,1,1,0,0,,4.92,4.92,,,,,,,,4.52,0.561,39,1.315,3,6,5.26,2.86,5.25,"21,494","3,070.57","3,319","b""aT.r%um",6,2,{bath}{room},"{b""aT}.{r%um}",2,NN,553.697,-0.738,144.244,29,1,583.103,-0.593,137.462,,1
beach,5,"26,666",10.191,56.63,3.461,15.39,3.111,7,26,29,4,7,7.9,7.701,7.647,8.73,8.231,1,10.4,6,7.5,1.29,4.79,0.658,"7,128",1.348,4.8,5.667,7.21,5.1,5.7,"11,225","2,806.25","3,294","b""itS",3,1,{beach},"{b""itS}",1,NN,649.529,-0.489,325.541,25,1,623.64,-0.456,207.311,,1
beautiful,9,"31,342",10.353,279.73,4.154,59.29,3.697,0,1,1,0,0,,4.007,4.007,,,,,,,,2.16,0.65,"6,760",1.709,5.72,1.875,7.61,5.71,6.17,"21,391","2,673.88","3,873","bj""u.4@.fl=",7,3,{beauty}>ful>,"{bj""u.4@$}.>fl=>",2,JJ,700.567,-0.372,260.373,28,0.97,613.143,-0.532,123.63,,1
big,3,"178,681",12.093,682.82,4.542,86.24,3.859,19,28,28,18,18,8.5,8.068,8.068,8.573,8.573,0,,19,8.5,1.42,3.66,0.687,"9,069",1.949,2.89,2.654,5.64,4.33,5.61,"2,957","1,478.50",888,"b""Ig",3,1,{big},"{b""Ig}",1,JJ,534.5,-0.89,133.634,28,0.94,609.786,-0.622,175.473,,1
birthday,8,"8,557",9.055,97.22,3.695,19.93,3.224,0,0,0,0,0,,,,,,,,,,,3.2,0.621,"4,717",1.779,2.85,1.577,6.37,4.6,6.07,"9,442","1,348.86","2,463","b""3`T.d%e",5,2,{birth}{day},"{b""3`T}.{d%e}",2,NN,682.71,-0.361,261.718,28,0.97,597,-0.544,127.933,,1
black,5,"160,756",11.988,167.94,3.933,38.03,3.504,5,14,14,4,4,7.2,5.944,5.944,6.653,6.653,0,,5,7.2,1.65,3.76,0.69,"9,252",1.79,3.56,1.773,5.4,3.58,5.48,"11,256","2,814.00","2,629","bl""ak",4,1,{black},"{bl""ak}",1,JJ|NN|VB,658.029,-0.49,289.524,26,1,518.538,-0.839,63.035,,0.963
blocks,6,"14,411",9.576,15,2.884,7.25,2.785,4,10,15,4,4,7.2,5.745,5.659,7.197,7.197,0,,4,7.2,1.33,,0.635,"5,545",1.853,4.79,,,,,"9,218","1,843.60","2,121","bl""Aks",5,1,{block}>s>,"{bl""Ak}>s>",2,NN|VB,649.882,-0.612,259.298,28,1,575.929,-0.669,125.732,,1
blunt,5,"1,713",7.446,4.9,2.4,2.41,2.308,2,4,4,2,2,3.1,4.105,4.105,3.143,3.143,0,,2,3.1,2.37,3.07,0.556,191,1.915,11.05,2.72,4.65,4.61,5.63,"11,885","2,971.25","2,113","bl""Vnt",5,1,{blunt},"{bl""Vnt}",1,VB|JJ|NN,617.875,-0.661,153.714,28,0.97,587.393,-0.623,73.824,,1
boiling,7,"3,078",8.032,4.22,2.334,2.16,2.26,8,12,12,8,8,4.5,4.652,4.652,4.499,4.499,1,8.6,7,3.9,1.79,4.39,0.569,8,1.42,,2.292,,,,"34,615","5,769.17","6,019","b""OIl.IN",5,2,{boil}>ing>,"{b""OIl}.>IN>",2,VB|NN|JJ,607.226,-0.649,178.219,27,0.94,612.889,-0.514,96.736,,0.931
box,3,"171,530",12.053,89.75,3.661,28.05,3.372,16,40,44,6,6,7.9,6.007,5.971,7.839,7.839,0,,16,7.9,1.52,4.9,0.664,"7,696",1.916,4.3,6.292,5.33,2.67,4.67,"1,930",965,802,"b""Aks",4,1,{box},"{b""Aks}",1,NN|VB,697.029,-0.585,455.438,28,1,557.071,-0.805,69.405,,0.966
bracelet,8,443,6.094,7.8,2.601,2.3,2.288,0,0,0,0,0,,,,,,,,,,,4.96,0.413,0,1.453,5.68,6.5,6.48,3.96,5,"26,084","3,726.29","4,936","br""es.l@t",7,2,{brace}>let>,"{br""es}.>l@t>",2,NN,673.485,-0.457,162.628,28,0.94,659.036,-0.286,118.712,,1
brave,5,"5,524",8.617,31.71,3.209,13.25,3.046,7,14,14,6,6,7,5.952,5.952,6.863,6.863,2,8.8,5,6.3,1.23,2.26,0.581,"1,929",1.894,6,1.407,7.38,4.95,6.84,"11,526","2,881.50","3,034","br""ev",4,1,{brave},"{br""ev}",1,JJ,573.094,-0.833,206.127,27,0.97,560.704,-0.752,61.168,,1
bright,6,"13,726",9.527,44.41,3.355,16.73,3.147,4,16,16,3,3,6.8,7.151,7.151,6.004,6.004,0,,4,6.8,1.41,3.92,0.634,"5,976",1.788,6.58,1.36,6.84,5,6.38,"10,548","2,109.60","2,520","br""aIt",4,1,{bright},"{br""aIt}",1,JJ|NN,598.774,-0.621,199.118,28,0.97,582.357,-0.552,98.843,,0.966
brilliant,9,"7,731",8.953,35.8,3.262,14.08,3.073,0,1,1,0,0,,6.931,6.931,,,,,,,,2.07,0.61,"4,166",1.878,7.95,2.261,7.5,5.95,7.16,"35,107","4,388.38","5,432","br""I.lj@nt",8,2,{brilli--ant},"{br""I.lj--@nt}",2,JJ,722.452,-0.37,302.516,28,0.97,634.143,-0.427,97.131,,1
building,8,"48,370",10.787,99.57,3.706,28.74,3.382,0,6,6,0,0,,4.126,4.126,,,,,,,,4.64,0.68,"8,431",1.924,6.16,5.208,5.47,3.35,6,"32,823","4,689.00","5,633","b""Ild.IN",6,2,{build}>ing>,"{b""Ild}.>IN>",2,NN|VB,633.968,-0.542,190.588,26,1,620.808,-0.423,117.345,,0.963
burrow,6,258,5.553,0.55,1.462,0.31,1.431,5,5,13,3,3,5.7,6.62,6.273,6.569,6.569,2,7.3,3,4.6,0.97,3.67,0.468,0,0.998,8.45,2.818,5.53,3.52,5.24,"10,772","2,154.40","3,070","b""3`.ro",4,2,{burrow},"{b""3`.ro}",1,NN|VB,689.542,-0.39,179.351,27,0.8,648.519,-0.37,151.461,,0.964
busy,4,"19,614",9.884,106.53,3.735,38.22,3.506,6,11,11,0,0,6.5,5.783,5.783,,,0,,6,6.5,1.51,2.41,0.615,"4,770",1.931,5.95,,5.41,4.52,4.44,"4,572","1,524.00","1,217","b""I.zi",4,2,{busy},"{b""I.zi}",1,JJ,601.531,-0.643,204.84,25,0.97,599.6,-0.665,84.056,,0.962
cabbage,7,"1,124",7.025,2.9,2.173,1.3,2.041,0,1,1,0,0,,6.221,6.221,,,,,,,,4.75,0.487,0,1.364,5.78,5.609,4.6,2.91,5.93,"11,943","1,990.50","2,770","k""a.b@dZ",5,2,{cabbage},"{k""a.b@dZ}",1,NN,630.9,-0.505,126.464,28,0.97,653.964,-0.283,119.111,,1
calm,4,"6,300",8.748,89.04,3.657,29.4,3.392,5,37,40,1,1,7.6,7.429,7.489,7.321,7.321,1,12.4,4,6.5,1.15,2.83,0.585,"2,209",1.766,6.26,1.875,6.89,1.67,7.44,"10,013","3,337.67","2,633","k""Am",3,1,{calm},"{k""Am}",1,JJ|NN|VB,587.152,-0.678,193.627,27,1,585.37,-0.538,70.742,,1
casual,6,"5,053",8.528,7.31,2.573,3.33,2.447,0,0,0,0,0,,,,,,,,,,,2.03,0.579,"1,955",1.82,9.83,2.28,6.05,3,6.35,"15,190","3,038.00","3,053","k""a.Zu@l",6,2,{casual},"{k""a.Zu@l}",1,JJ,626.774,-0.459,179.677,25,0.97,625.4,-0.478,113.146,,0.893
caviar,6,"1,416",7.256,3.82,2.292,1.7,2.158,0,0,0,0,0,,,,,,,,,,,4.7,0.338,0,1.531,12.83,4.818,5.53,3.8,5.53,"14,575","2,915.00","2,996","k""a.vi.Ar",6,3,{caviar},"{k""a.vi.Ar}",1,NN,855.923,0.097,402.542,28,0.81,690.071,0.028,184.124,,1
certain,7,"81,374",11.307,85.37,3.639,31.64,3.424,2,8,8,1,1,7.2,6.581,6.581,7.577,7.577,0,,2,7.2,1.57,1.68,0.685,"8,682",2.188,8.2,,6.11,3,6.78,"37,802","6,300.33","5,376","s""3`.tn=",4,2,{certain},"{s""3`.tn=}",1,JJ|RB|NN,612.697,-0.563,212.613,28,0.97,692.321,-0.181,175.163,,1
chain,5,"23,315",10.057,21.22,3.035,8.81,2.869,2,41,41,1,1,6.3,7.044,7.044,2.833,2.833,0,,2,6.3,1.59,4.55,0.657,"7,270",1.893,5.22,5.958,4.79,4.05,4.2,"22,239","5,559.75","3,215","tS""en",3,1,{chain},"{tS""en}",1,NN|VB,552.333,-0.69,125.672,27,1,652.074,-0.23,158.636,,1
chair,5,"18,589",9.83,49.24,3.4,18.51,3.192,3,36,36,0,0,8.1,8.712,8.712,,,1,10.1,2,7.1,1.22,4.58,0.637,"5,840",1.638,3.43,6.88,5.89,2.86,5.28,"9,195","2,298.75","2,228","tS""Er",3,1,{chair},"{tS""Er}",1,NN|VB,607.03,-0.692,181.404,28,0.97,606.571,-0.389,99.414,,1
chili,5,"1,783",7.486,7.49,2.583,2.41,2.308,3,21,33,0,4,9.2,6.111,6.188,,8.284,3,9.2,0,,0.82,4.79,0.642,1,,6.61,5.292,4.45,4.62,6.3,"14,599","3,649.75","3,159","tS""I.li",4,2,{chili},"{tS""I.li}",1,NN,722.741,-0.199,217.59,26,0.84,729.115,-0.173,197.28,,0.963
chubby,6,512,6.238,4.18,2.33,1.35,2.057,0,4,4,0,0,,4.645,4.645,,,,,,,,3.76,0.385,0,1.66,7.78,3.13,4.33,4.88,5.11,"5,350","1,070.00","1,465","tS""V.bi",4,2,{chubby},"{tS""V.bi}",1,JJ,701.406,-0.362,199.326,27,0.97,691.556,-0.246,155.29,,1
church,6,"49,074",10.801,69.67,3.551,15.98,3.127,0,8,8,0,0,,6.426,6.426,,,,,,,,4.9,0.663,"7,410",1.557,5.15,4.148,5.21,3.63,5.04,"11,009","2,201.80","2,206","tS""3`tS",3,1,{church},"{tS""3`tS}",1,NN,612.469,-0.742,213.561,26,0.97,602.154,-0.483,74.69,,1
circular,8,"5,029",8.523,1.59,1.914,0.81,1.839,0,1,1,0,0,,8.251,8.251,,,,,,,,3.79,0.609,"3,327",1.819,7.68,1.792,5.47,3.4,5.25,"18,128","2,589.71","2,570","s""3`.kj@.l@`",7,3,{circul--ar},"{s""3`.kj@.l--@`}",2,JJ|NN,770.714,-0.274,283.437,27,1,691.519,-0.137,179.338,,1
clinic,6,"4,499",8.412,14,2.854,4.3,2.559,1,1,1,1,1,1.9,1.946,1.946,1.946,1.946,0,,1,1.9,4.32,4.24,0.587,"2,611",1.533,9.37,3.48,4.95,2.95,4.52,"29,058","5,811.60","3,020","kl""I.nIk",6,2,{clinic},"{kl""I.nIk}",1,NN,713.912,-0.366,344.738,26,1,613.769,-0.473,102.185,,1
clouds,6,"4,193",8.341,10.02,2.709,4.55,2.583,2,5,5,0,0,4.4,5.497,5.497,,,0,,2,4.4,1.87,,0.58,"1,610",1.47,3.63,,6.76,2.27,5.09,"9,458","1,891.60","1,719","kl""aUdz",5,1,{cloud}>s>,"{kl""aUd}>z>",2,NN|VB,608.853,-0.575,166.949,26,0.97,599.615,-0.564,114.316,,0.963
cloudy,6,"1,046",6.953,2.16,2.045,1.12,1.978,1,0,0,0,0,8.3,,,,,1,8.3,0,,0.83,4,0.41,0,1.629,5.5,1.222,4.89,3.36,3.65,"8,626","1,725.20","1,623","kl""aU4.i",5,2,{cloud}>y>,"{kl""aU4}.>i>",2,JJ,566.484,-0.658,103.363,29,0.94,602.345,-0.572,94.864,,1
cobra,5,"3,482",8.155,3.33,2.233,0.73,1.792,1,0,0,0,0,2.8,,,,,0,,1,2.8,2.94,5,0.564,650,1.611,7.47,3.826,4.42,5.71,3.74,"12,716","3,179.00","4,325","k""o.br@",5,2,{cobra},"{k""o.br@}",1,NN,645.848,-0.433,169.741,29,1,642.655,-0.442,246.819,,1
cockroach,9,280,5.635,3.41,2.243,1.34,2.053,0,0,0,0,0,,,,,,,,,,,4.96,0.319,0,1.362,6.25,4.038,2.46,5.22,3.57,"19,543","2,442.88","5,171","k""Ak.r%otS",6,2,{cock}{roach},"{k""Ak}.{r%otS}",2,NN,752.909,-0.018,295.995,25,1,682.12,-0.208,115.647,,1
coffee,6,"18,382",9.819,144.53,3.868,36.23,3.483,2,6,6,1,1,3.9,5.834,5.834,3.219,3.219,0,,2,3.9,2.51,4.81,0.626,"5,391",1.53,4.94,5.538,7,5.1,6.12,"8,894","1,778.80","3,929","k""O.fi",4,2,{coffee},"{k""O.fi}",1,NN,588.062,-0.625,115.577,28,0.97,587.179,-0.609,89.51,,1
cola,4,"1,736",7.459,5.53,2.452,0.66,1.748,10,16,20,7,11,7.1,5.619,5.588,7.353,7.071,3,8.8,7,6.4,1.05,4.79,0.546,0,1.371,4.33,5.565,5.67,4.29,6,"11,699","3,899.67","4,608","k""o.l@",4,2,{cola},"{k""o.l@}",1,NN,635.031,-0.372,247.304,27,0.94,600.852,-0.507,99.872,,1
cold,4,"34,854",10.459,130.16,3.822,41.83,3.545,16,40,44,12,12,8.2,6.328,6.173,8.695,8.695,4,11.4,12,7.1,1.27,3.85,0.662,"7,702",1.747,3.95,2.783,4.32,3.55,5.17,"8,100","2,700.00","4,381","k""old",4,1,{cold},"{k""old}",1,JJ|NN,505.909,-0.87,81.792,28,1,574.5,-0.665,75.667,,1
collie,6,"1,822",7.508,1.04,1.732,0.29,1.398,3,38,42,2,2,5,5.586,5.638,5.086,5.086,0,,3,5,1.5,4.77,0.37,0,0.895,7.05,5.731,6.8,3.68,5.79,"21,252","4,250.40","7,458","k""A.li",4,2,{collie},"{k""A.li}",1,NN,816.333,0.151,344.689,28,0.73,751.821,0.039,160.386,,1
comfortable,11,"16,317",9.7,47.22,3.382,21.02,3.247,1,0,0,0,0,7.6,,,,,0,,1,7.6,1.28,2.33,0.593,"3,030",1.823,7.17,2.52,7.67,2.38,6.89,"29,591","2,959.10","5,986","k""Vm.f@`4.@.bl=",9,4,{comfort}>able>,"{k""Vm.f@`4}.>@.bl=>",2,JJ,789.469,-0.24,411.963,28,0.97,658.857,-0.303,134.808,,1
conceptual,10,"2,150",7.673,0.24,1.114,0.12,1.041,0,0,0,0,0,,,,,,,,,,,1.26,0.577,"1,358",1.456,13.28,,,,,"28,218","3,135.33","6,838","k@n.s""Ep.tSu@l",10,3,{con--cept}>ual>,"{k@n-.-s""Ep.tS$}>u@l>",3,JJ,745.613,-0.208,175.763,26,0.94,762.269,0.119,151.49,,0.963
cool,4,"49,548",10.811,195.88,4,43.75,3.565,12,36,36,10,10,7.7,6.906,6.906,7.468,7.468,0,,12,7.7,1.41,3.53,0.622,"5,167",1.711,4.58,2.083,6.82,3.43,6.44,"9,336","3,112.00","4,379","k""ul",3,1,{cool},"{k""ul}",1,JJ|VB|NN,572.312,-0.753,214.316,29,0.94,596.448,-0.499,101.046,,1
corporate,9,"23,575",10.068,10.22,2.718,3.99,2.526,0,1,1,0,0,,6.657,6.657,,,,,,,,2.27,0.651,"6,739",1.568,10.84,,4.9,4.74,5.05,"40,464","5,058.00","8,988","k""Or.p@`.r@t",8,3,{corpor--ate},"{k""Or.p@`.r--@t}",2,JJ,680.97,-0.216,215.38,27,1,749.037,0.133,251.089,,1
cotton,6,"5,698",8.648,14.18,2.86,4.11,2.539,1,7,7,0,0,4.5,5.605,5.605,,,0,,1,4.5,1.93,4.97,0.622,"5,147",1.505,6,5.28,6.05,2.48,6.24,"19,259","3,851.80","5,721","k""A.tn=",4,2,{cotton},"{k""A.tn=}",1,NN|VB,559.147,-0.805,192.922,26,1,647.038,-0.349,148.662,,1
couch,5,"4,971",8.511,23.47,3.079,9.44,2.899,7,12,12,3,3,7.1,6.369,6.369,6.708,6.708,2,9.8,5,6,1.21,4.71,0.512,0,1.559,3.74,6.261,6.52,3.4,6.19,"12,584","3,146.00","5,158","k""aUtS",3,1,{couch},"{k""aUtS}",1,NN,696,-0.388,284.633,25,1,634.48,-0.449,106.792,,0.926
country,7,"106,711",11.578,161.84,3.917,39.32,3.518,0,0,0,0,0,,,,,,,,,,,4.17,0.689,"9,077",2.146,7.05,3.36,6.14,3.71,6.35,"21,207","3,534.50","5,875","k""Vn.tri",6,2,{country},"{k""Vn.tri}",1,NN,633.176,-0.57,210.955,25,1,630.24,-0.464,148.63,,1
cowboy,6,"2,826",7.947,18.98,2.986,5.75,2.684,0,0,0,0,0,,,,,,,,,,,4.72,0.577,"1,397",1.4,4.55,,5.43,4.43,5.67,"8,086","1,617.20","3,888","k""aU.b%OI",4,2,{cow}{boy},"{k""aU}.{b%OI}",2,NN,646.647,-0.495,224.28,27,1,618.111,-0.474,88.88,,1
crutch,6,592,6.384,1.31,1.833,0.63,1.732,4,6,6,3,3,6.2,6.441,6.441,5.83,5.83,3,7.9,1,1.4,1.02,4.5,0.251,0,1.565,7.21,5.8,3.64,3.67,4.08,"8,668","1,733.60","2,075","kr""VtS",4,1,{crutch},"{kr""VtS}",1,NN,766.303,-0.314,475.867,25,0.97,689.88,-0.133,145.938,,0.962
cults,5,"2,037",7.619,0.65,1.532,0.26,1.362,5,5,5,3,3,5,5.806,5.806,6.531,6.531,0,,5,5,1.53,,0.538,0,1.04,10.63,,,,,"6,983","1,745.75","1,458","k""Vlts",5,1,{cult}>s>,"{k""Vlt}>s>",2,NN,658.438,-0.523,208.476,26,0.97,675.269,-0.317,232.296,,1
curving,7,249,5.517,0.1,0.778,0.06,0.778,4,8,8,3,3,6.5,5.581,5.581,6.346,6.346,3,6.8,1,5.5,0.85,,0.493,0,1.572,7.52,,,,,"29,337","4,889.50","5,312","k""3`v.IN",5,2,{curve}>ing>,"{k""3`v}.>IN>",2,VB,733.581,-0.253,301.046,25,0.91,615.24,-0.467,116.249,,0.962
cute,4,"11,008",9.306,87.75,3.651,29.32,3.391,9,7,7,2,2,7.4,6.808,6.808,7.875,7.875,1,9.4,8,7.1,1.26,2.76,0.506,0,1.36,4.26,1.652,7.56,5.05,6.02,"11,690","3,896.67","2,202","kj""ut",4,1,{cute},"{kj""ut}",1,JJ|NN,582.788,-0.714,158.988,24,0.97,604.708,-0.517,76.855,,1
damp,4,"1,712",7.445,2.92,2.176,1.57,2.124,10,13,13,8,8,7.1,6.319,6.319,6.586,6.586,6,9,4,4.3,1.05,3.81,0.534,0,1.582,7.67,2.348,4.05,2.8,3.95,"4,681","1,560.33","1,610","d""amp",4,1,{damp},"{d""amp}",1,NN|VB|JJ,670.258,-0.518,211.412,28,0.94,596.536,-0.642,128.547,,1
dark,4,"71,249",11.174,88.61,3.655,31.34,3.42,11,11,11,8,8,7.8,7.774,7.774,7.806,7.806,1,11.5,10,7.5,1.43,4.29,0.663,"7,570",1.693,3.74,2.04,5.08,4.09,4.61,"7,710","2,570.00","2,739","d""Ark",4,1,{dark},"{d""Ark}",1,JJ|NN|RB,556.455,-0.768,184.755,26,1,555.423,-0.824,116.075,,1
deafening,9,"2,024",7.613,0.43,1.362,0.25,1.342,1,1,1,1,1,4.3,4.344,4.344,4.344,4.344,0,,1,4.3,1.75,,,,,,,,,,"43,318","5,414.75","8,135","d""Ef.n=.IN",6,3,{deaf}>en>>ing>,"{d""Ef}.>n=>.>IN>",3,VB|JJ,,,,,,,,,,
delicious,9,"2,481",7.816,21.53,3.041,10.18,2.932,1,0,0,0,0,5.6,,,,,0,,1,5.6,1.41,2.43,0.473,0,1.353,6.5,2.28,7.38,4.92,5.8,"31,491","3,936.38","5,412","dI.l""I.S@s",7,3,{delicious},"{dI.l""I.S@s}",1,JJ,753.606,-0.315,289.96,26,1,683.308,-0.3,160.153,,1
delighted,9,"2,284",7.734,12.94,2.82,6.01,2.703,0,5,5,0,0,,8.337,8.337,,,,,,,,2.86,0.536,0,1.863,8.11,,7.74,5,6.22,"34,150","4,268.75","5,895","dI.l""aI4.@d",7,3,{delight}>ed>,"{dI.l""aI4}.>@d>",2,VB,785.152,-0.165,332.114,27,1,623.37,-0.424,117.361,,1
depleted,8,870,6.768,0.76,1.602,0.41,1.544,1,0,0,0,0,4.4,,,,,0,,1,4.4,1.54,,,,,,,,,,"33,759","4,822.71","6,325","dI.pl""i4.@d",8,3,{de--plete}>ed>,"{dI-.-pl""i4}.>@d>",3,VB|JJ,,,,,,,,,,
destitute,9,255,5.541,0.71,1.568,0.39,1.532,0,0,0,0,0,,,,,,,,,,,2.08,0.431,0,1.548,11.43,,2.11,4.2,4.3,"50,328","6,291.00","7,237","d""E.st@.tut",8,3,{de--stitute},"{d""E-.-st@.tut}",2,JJ,904.321,0.31,391.692,22,0.88,811.091,0.268,313.337,,0.846
difficult,9,"52,555",10.87,60.16,3.487,25.25,3.326,0,0,0,0,0,,,,,,,,,,,2.21,0.677,"8,277",2.22,5.85,1.63,3.78,4.45,3.78,"15,957","1,994.63","3,366","d""I.f@.kl=t",7,3,{difficult},"{d""I.f@.kl=t}",1,JJ|NN,682.406,-0.383,259.464,29,0.94,632.103,-0.405,108.452,,1
dinner,6,"13,031",9.475,202.67,4.014,47.19,3.598,5,21,21,5,5,4.8,5.305,5.305,4.798,4.798,0,,5,4.8,1.97,4.5,0.614,"4,436",1.601,3.99,5.545,6.4,3.85,6.05,"37,622","7,524.40","6,276","d""I.n@`",4,2,{dinner},"{d""I.n@`}",1,NN,601.559,-0.667,174.893,28,0.94,604.607,-0.531,116.85,,1
dinosaurs,9,"2,024",7.613,2.67,2.137,1.04,1.944,0,0,0,0,0,,,,,,,,,,,,0.561,13,1.063,4.91,,,,,"31,410","3,926.25","4,025","d""aI.n@.sOrz",8,3,{dino--saur}>s>,"{d""aI.n@-.-sOr}>z>",3,NN,601.133,-0.503,130.688,27,0.97,669.037,-0.297,159.764,,0.964
dip,3,"5,047",8.527,7.96,2.61,3.78,2.502,19,29,29,15,15,8.2,7.981,7.981,8.136,8.136,8,9.9,11,7,1.04,4.22,0.513,0,1.886,7,4.536,5.42,3.35,5.2,"4,799","2,399.50","1,788","d""Ip",3,1,{dip},"{d""Ip}",1,NN|VB,565.938,-0.727,121.977,27,1,609.185,-0.531,118.92,,1
dirty,5,"14,094",9.554,66.45,3.53,24.56,3.314,1,13,13,1,1,5.7,6.095,6.095,5.663,5.663,0,,1,5.7,1.69,4.23,0.604,"3,835",1.771,4.55,1.81,3.17,5.05,5.05,"8,379","2,094.75","2,910","d""3`4.i",4,2,{dirt}>y>,"{d""3`4}.>i>",2,JJ|VB|NN,582.824,-0.68,138.647,27,0.97,640.63,-0.495,117.67,,1
doctor,6,"31,917",10.371,263.94,4.129,44.15,3.569,0,0,0,0,0,,,,,,,,,,,4.69,0.662,"7,581",1.296,4.6,5.68,5.93,4.05,4.69,"12,453","2,490.60","2,368","d""Ak.t@`",5,2,{doctor},"{d""Ak.t@`}",1,NN|VB,605.647,-0.684,186.077,27,1,539.704,-0.831,87.565,,1
dull,4,"4,644",8.443,12.08,2.79,5.58,2.671,15,32,32,9,9,8,8.124,8.124,7.212,7.212,8,9.5,7,6.2,1.06,2.37,0.557,3,1.864,8.05,1.792,3.4,1.67,4.71,"6,841","2,280.33","2,025","d""Vl",3,1,{dull},"{d""Vl}",1,JJ|VB,669.971,-0.498,357.511,27,1,616.889,-0.514,170.622,,1
durable,7,"2,234",7.712,0.35,1.279,0.21,1.279,2,0,0,0,0,3.2,,,,,0,,2,3.2,2.44,3.03,0.554,6,1.527,11.79,,,,,"20,274","3,379.00","3,201","d""U.r@.bl=",6,3,{dur--able},"{d""U.r--@.bl=}",2,JJ,698.094,-0.338,183.618,27,0.97,632.889,-0.384,105.287,,1
eagle,5,"6,845",8.831,11.49,2.769,3.33,2.447,1,5,5,0,0,6.2,7.961,7.961,,,0,,1,6.2,1.42,5,0.63,"5,641",1.528,5.83,3.739,6.47,4.57,5.09,"12,315","3,078.75","1,479","""i.gl=",3,2,{eagle},"{""i.gl=}",1,NN,630.788,-0.507,211.874,25,0.97,656.2,-0.199,143.461,,1
ears,4,"12,268",9.415,33.43,3.232,15.21,3.106,14,13,13,2,2,7.6,7.136,7.136,5.487,5.487,2,10.2,12,7.2,1.23,,0.576,"1,264",1.689,3.63,,,,,"13,013","4,337.67","2,676","""Irz",3,1,{ear}>s>,"{""Ir}>z>",2,NN,597.545,-0.547,149.267,25,0.97,594.08,-0.659,123.174,,1
economical,10,"2,301",7.741,0.33,1.255,0.18,1.204,0,1,1,0,0,,9.387,9.387,,,,,,,,2.22,0.568,853,1.911,11.56,,,,,"36,218","4,024.22","2,618","%i.k@.n""A.mIk.l=",9,5,{econom--ic}>al>,"{%i.k@.n""A.m--Ik}.>l=>",3,JJ,766.242,-0.044,266.066,24,0.94,853.208,0.443,300.775,,0.96
ecstatic,8,876,6.775,1.35,1.845,0.77,1.819,0,0,0,0,0,,,,,,,,,,,2.41,0.447,0,1.643,13.26,,6.45,6.95,5.63,"35,662","5,094.57","4,571","Ik.st""a.4Ik",8,3,{ecstat--ic},"{Ik.st""a.4--Ik}",2,JJ,915.552,0.277,331.28,20,0.85,853.45,0.472,222.32,,0.952
embryo,6,"1,557",7.351,0.76,1.602,0.31,1.431,0,0,0,0,0,,,,,,,,,,,4.61,0.538,0,1.043,11.68,,5.75,3.7,4.86,"5,238","1,047.60",820,"""Em.bri.o",6,3,{embryo},"{""Em.bri.o}",1,NN,758.633,-0.205,250.622,25,0.94,762.52,0.007,177.556,,1
emotional,9,"11,869",9.382,21.2,3.034,9.14,2.885,0,0,0,0,0,,,,,,,,,,,2,0.623,"5,033",1.601,9.45,,5.11,5.32,4.5,"36,187","4,523.38","3,754","I.m""o.Sn=.@l",7,4,{emote}>ion>>al>,"{I.m""o.S$}>n=>.>@l>",3,JJ,661.636,-0.499,238.637,25,1,675.16,-0.228,282.177,,0.962
enjoyable,9,"4,272",8.36,1.94,2,1.13,1.982,1,0,0,0,0,3.6,,,,,0,,1,3.6,2.3,2.04,0.487,0,1.729,8.44,,7.63,4.77,7,"18,910","2,363.75","1,539","In.dZ""OI@.bl=",7,3,<en<{joy}>able>,"<In<.{dZ""OI}>@.bl=>",3,JJ,765.029,-0.168,333.458,28,1,675.857,-0.344,174.331,,1
enormous,8,"7,583",8.934,10.31,2.722,5.05,2.628,0,0,0,0,0,,,,,,,,,,,2.9,0.634,"5,809",2.124,6.53,1.96,5.68,5.05,6,"23,755","3,393.57","2,240","I.n""Or.m@s",7,3,{enorm--ous},"{I.n""Or.m--@s}",2,JJ,785.467,-0.171,332.755,26,0.97,709.577,-0.09,187.893,,0.963
eraser,6,593,6.385,1,1.716,0.33,1.462,2,2,2,1,1,6.8,7.061,7.061,7.407,7.407,1,7.4,1,6.2,0.94,4.74,0.299,0,,4.95,5.792,5.64,3.57,6.89,"39,399","7,879.80","5,538","I.r""es.@`",5,3,{erase}>er>,"{I.r""es}.>@`>",2,NN,659.062,-0.496,220.447,28,0.94,663.179,-0.423,139.657,,1
even,4,"490,549",13.103,875.92,4.65,94.55,3.899,7,10,10,3,3,7.2,7.793,7.793,7.82,7.82,0,,7,7.2,1.81,2.79,0.701,"9,682",2.253,6.371,1.591,,,,"11,535","3,845.00","1,043","""i.vn=",3,2,{even},"{""i.vn=}",1,RB|JJ|NN|VB,594.267,-0.701,268.747,27,0.91,625.37,-0.519,221.56,,1
excellent,9,"79,398",11.282,52.71,3.43,20.92,3.244,0,1,1,0,0,,8.223,8.223,,,,,,,,2.11,0.652,"6,828",1.965,7.37,,7.56,5.15,7.22,"30,658","3,832.25","4,549","""Ek.s@l.@nt",8,3,{excel}>ent>,"{""Ek.s@l$}.>@nt>",2,JJ|NN,682.636,-0.302,269.356,27,1,588.148,-0.572,105.84,,1
exhausting,10,443,6.094,2.18,2.049,1.23,2.017,0,3,3,0,0,,7.103,7.103,,,,,,,,2.48,0.369,0,1.75,,,,,,"47,868","5,318.67","5,825","Ig.z""Ost.IN",8,3,{exhaust}>ing>,"{Ig.z""Ost}.>IN>",2,VB,753.882,-0.381,309.006,28,1,712.893,-0.177,240.489,,1
exile,5,"2,654",7.884,1.86,1.982,0.79,1.826,1,2,2,0,0,5.7,3.052,3.052,,,0,,1,5.7,1.37,2.15,0.607,"3,582",1.614,11,,3.32,5.87,3.37,"11,003","2,750.75","2,193","""Ek.saIl",5,2,{exile},"{""Ek.saIl}",1,NN|VB,691.258,-0.349,182.88,25,0.91,564.08,-0.759,114.654,,1
experience,10,"234,638",12.366,60.55,3.49,23.74,3.299,1,0,0,0,0,4.1,,,,,0,,1,4.1,3.03,1.8,0.684,"8,915",2.04,8.95,,6.89,3.71,6.94,"40,334","4,481.56","6,977","Ik.sp""I.ri@ns",10,3,{experi--ence},"{Ik.sp""I.ri--@ns}",2,NN|VB,787.088,-0.28,420.031,28,1,703.643,-0.108,137.237,,1
extinct,7,"1,752",7.469,2.51,2.111,1.28,2.033,0,1,1,0,0,,8.102,8.102,,,,,,,,2.53,0.564,367,1.247,7.67,1.783,2.74,4.55,3.42,"29,506","4,917.67","3,304","Ik.st""INkt",8,2,{extinct},"{Ik.st""INkt}",1,JJ,669.548,-0.329,239.247,25,0.97,688.2,0,111.957,,0.926
fat,3,"29,356",10.287,79.43,3.608,24.39,3.311,21,33,33,16,16,8.6,8.342,8.342,8.617,8.617,6,10.8,15,7.7,1.2,4.52,0.616,"4,627",1.578,5.15,4.125,2.74,3.89,4,"9,088","4,544.00","1,639","f""at",3,1,{fat},"{f""at}",1,JJ|NN,581.061,-0.76,165.625,28,1,589.393,-0.542,185.351,,1
filthy,6,"3,126",8.048,16.43,2.924,7.08,2.775,0,1,1,0,0,,4.248,4.248,,,,,,,,3.53,0.413,0,1.563,7.17,2.08,3.42,4.65,4.46,"8,391","1,678.20","2,218","f""IlT.i",5,2,{filth}>y>,"{f""IlT}.>i>",2,JJ,744.242,-0.223,283.995,25,0.94,685.16,-0.193,158.794,,1
fish,4,"30,614",10.329,83.49,3.629,20.36,3.233,5,17,17,3,3,7.8,7.118,7.118,7.991,7.991,1,11.2,4,6.9,1.33,5,0.651,"6,757",1.395,4.05,5.593,6.42,3.33,6.08,"9,827","3,275.67","2,510","f""IS",3,1,{fish},"{f""IS}",1,NN|VB,574.71,-0.786,141.396,27,0.91,578.667,-0.649,93.835,,1
forest,6,"17,098",9.747,18.88,2.984,5.96,2.7,1,1,7,0,0,1.9,3.526,5.768,,,0,,1,1.9,5.01,4.76,0.657,"7,218",1.298,6.28,4.6,6.68,4.44,5.71,"34,807","6,961.40","4,895","f""O.r@st",6,2,{forest},"{f""O.r@st}",1,NN,699.333,-0.482,384.178,27,0.97,624.741,-0.471,117.801,,1
fork,4,"11,253",9.328,8.82,2.654,3.77,2.501,9,13,13,6,6,9.6,8.944,8.944,9.482,9.482,5,11,4,7.9,0.97,4.9,0.57,585,1.645,3.63,5.6,5.47,3.35,6.02,"6,824","2,274.67","2,384","f""Ork",4,1,{fork},"{f""Ork}",1,NN,650.394,-0.569,333.647,28,1,631.179,-0.544,140.48,,1
freezing,8,"3,109",8.042,13.33,2.833,6.37,2.728,1,4,4,1,1,2.4,4.13,4.13,2.398,2.398,0,,1,2.4,3.35,4.04,0.56,227,1.669,6.05,2.917,3.33,5.84,4.16,"34,759","4,965.57","6,323","fr""iz.IN",6,2,{freeze}>ing>,"{fr""iz}.>IN>",2,VB|NN,628.912,-0.574,247.975,27,0.97,629.222,-0.389,97.614,,1
fried,5,"3,167",8.061,10.16,2.715,4.8,2.606,6,15,15,6,6,8.1,7.641,7.641,8.086,8.086,3,9.4,3,6.7,1,4.11,0.576,1,1.319,7.47,,5.82,4.09,6.05,"19,144","4,786.00","2,323","fr""aId",4,1,{fry}>ed>,"{fr""aI}>d>",2,JJ|VB,705.967,-0.324,248.681,27,0.88,700.074,-0.195,258.997,,0.964
friendly,8,"17,486",9.769,26.04,3.123,11.75,2.994,0,0,0,0,0,,,,,,,,,,,2.32,0.643,"6,590",1.98,4.5,,7.84,4.27,7.6,"26,084","3,726.29","3,656","fr""End.li",7,2,{friend}>ly>,"{fr""End}.>li>",2,JJ,612.758,-0.609,170.421,28,1,617.036,-0.489,130.085,,1
frozen,6,"7,705",8.95,15.33,2.894,6.62,2.745,0,0,0,0,0,,,,,,,,,,,4.34,0.595,"2,985",1.746,5.604,2.56,,,,"13,553","2,710.60","3,264","fr""oz.n=",5,2,{froze}>en>,"{fr""oz}.>n=>",2,VB|JJ,577.812,-0.756,136.732,28,0.94,622.571,-0.438,90.011,,1
fruit,5,"10,728",9.281,21.73,3.045,8.52,2.855,0,6,6,0,0,,7.333,7.333,,,,,,,,4.81,0.617,"4,351",1.568,3.63,6,7,4.09,6.12,"7,101","1,775.25","1,769","fr""ut",4,1,{fruit},"{fr""ut}",1,NN,583.545,-0.727,164.859,27,0.97,595.63,-0.513,87.32,,1
full,4,"155,605",11.955,166.9,3.93,51.57,3.636,14,20,20,6,6,7.9,8.402,8.402,8.551,8.551,0,,14,7.9,1.51,3.59,0.696,"9,420",2.311,4.24,1.259,6,3.48,6.06,"6,989","2,329.67","2,022","f""Ul",3,1,{full},"{f""Ul}",1,JJ|RB,597.625,-0.578,194.362,28,0.94,638.393,-0.44,174.44,,1
funny,5,"36,714",10.511,218.18,4.046,55.54,3.668,7,19,19,6,6,6.3,6.528,6.528,5.983,5.983,0,,7,6.3,1.68,2.5,0.583,"1,841",1.534,5.47,,7.59,5.38,6.33,"5,215","1,303.75","1,331","f""Vn.i",4,2,{fun}>y>,"{f""Vn}.>i>",2,JJ,576.333,-0.723,119.694,29,1,590.897,-0.616,84.439,,1
furry,5,"3,524",8.167,2.39,2.09,1.23,2.017,3,12,12,0,0,8,6.164,6.164,,,1,8.5,2,7.7,1.02,3.96,0.415,0,1.548,5.72,2.542,6.63,3.7,5.26,"5,837","1,459.25","1,903","f""3`.i",3,2,{fur}>y>,"{f""3`}.>i>",2,JJ,694.241,-0.22,318.702,26,0.88,741.269,0.027,196.249,,0.963
gear,4,"15,326",9.637,16,2.912,6.66,2.748,13,35,35,9,9,9.1,8.035,8.035,9.589,9.589,8,10.7,5,6.4,1.06,4.28,0.617,"4,442",1.633,7.61,4.696,5.19,3.17,5.9,"11,480","3,826.67","2,325","g""Ir",3,1,{gear},"{g""Ir}",1,NN|VB,597.257,-0.636,208.592,26,1,635.462,-0.345,156.796,,0.963
gigantic,8,"1,445",7.276,3.73,2.281,1.91,2.207,0,0,0,0,0,,,,,,,,,,,2.57,0.559,9,1.691,6.64,1.952,5.35,5.89,5.54,"30,668","4,381.14","3,950","dZaI.g""an.4Ik",8,3,{gigantic},"{dZaI.g""an.4Ik}",1,JJ,694.853,-0.283,189.216,27,1,763.037,0.1,195.187,,0.964
good,4,"628,816",13.352,"2,610.14",5.124,99.14,3.92,10,13,13,3,3,8,8.365,8.365,8.085,8.085,0,,10,8,1.66,1.64,0.695,"9,599",2.196,3.55,2.143,7.89,3.66,6.41,"3,803","1,267.67","1,404","g""Ud",3,1,{good},"{g""Ud}",1,JJ|NN|RB,632.613,-0.621,279.442,28,0.91,634.143,-0.565,205.338,,1
gorgeous,8,"3,391",8.129,24.06,3.089,10.6,2.949,0,1,1,0,0,,4.977,4.977,,,,,,,,2.25,0.488,0,1.497,7.68,1.48,7.57,4.92,7.05,"16,120","2,302.86","3,187","g""Or.dZ@s",6,2,{gorgeous},"{g""Or.dZ@s}",1,JJ,647.281,-0.398,162.617,27,0.94,695.111,-0.067,201.7,,1
grass,5,"7,354",8.903,16.78,2.933,6.56,2.741,9,14,14,4,4,7.9,8.124,8.124,8.708,8.708,3,9.5,6,7.1,1.13,4.93,0.611,"4,095",1.565,3.94,5.455,6.47,3.39,5.67,"14,351","3,587.75","3,052","gr""as",4,1,{grass},"{gr""as}",1,NN|VB,563.235,-0.728,113.757,27,1,614,-0.561,115.648,,1
gray,4,"12,665",9.447,21.12,3.033,6.43,2.732,11,11,14,6,9,7.6,7.578,7.734,6.902,7.266,1,9.4,10,7.5,1.24,3.46,0.647,"6,767",,5.74,1.538,3.68,2.81,4.77,"8,349","2,783.00","2,330","gr""e",3,1,{gray},"{gr""e}",1,JJ|NN|VB,567.676,-0.71,140.422,28,1,621.929,-0.508,151.709,,1
great,5,"260,267",12.469,820.86,4.622,88.96,3.873,4,24,28,2,2,5.3,6.215,6.23,5.679,5.679,0,,4,5.3,2.37,1.81,0.696,"9,420",2.195,5.05,,7.5,4.14,6.65,"21,086","5,271.50","3,436","gr""et",4,1,{great},"{gr""et}",1,JJ|NN|RB,598.469,-0.762,231.453,25,1,602,-0.632,87.162,,0.926
guilt,5,"5,016",8.52,14.9,2.881,6.84,2.76,4,16,20,2,2,8.1,5.676,5.691,9.398,9.398,1,10.6,3,7.2,1.06,1.93,0.575,942,1.606,7.05,1.577,2.29,4.48,4.35,"5,440","1,360.00","1,198","g""Ilt",4,1,{guilt},"{g""Ilt}",1,NN,607.853,-0.666,164.089,28,1,659.75,-0.412,164.578,,1
happy,5,"70,881",11.169,333.2,4.23,65.94,3.743,6,9,9,4,4,4.7,5.384,5.384,5.301,5.301,0,,6,4.7,2.39,2.56,0.647,"6,763",1.913,2.72,2.043,8.47,6.05,7.21,"5,294","1,323.50","1,579","h""a.pi",4,2,{happy},"{h""a.pi}",1,JJ,536.273,-0.878,82.144,28,1,555.929,-0.746,97.348,,1
hard,4,"176,370",12.08,307.84,4.196,72.66,3.785,15,27,27,10,10,7.8,6.85,6.85,7.484,7.484,1,12.3,14,7.4,1.56,3.76,0.681,"8,780",2.082,4.39,2.75,4.35,4.5,4.96,"9,879","3,293.00","3,297","h""Ard",4,1,{hard},"{h""Ard}",1,JJ|RB,582.188,-0.661,190.681,28,1,556.643,-0.795,69.538,,1
hideous,7,"1,645",7.405,5.37,2.439,2.73,2.362,1,1,1,0,0,5.5,3.332,3.332,,,0,,1,5.5,1.35,2.61,0.417,0,1.608,9.53,,3.14,4.95,3.92,"16,043","2,673.83","2,055","h""I.4i@s",6,2,{hideous},"{h""I.4i@s}",1,JJ,685.727,-0.329,230.696,26,1,642.538,-0.446,98.722,,1
hilarious,9,"2,970",7.996,5.78,2.471,2.94,2.394,0,0,0,0,0,,,,,,,,,,,2.39,0.489,0,1.395,8.63,,7.8,6.11,6.32,"32,762","4,095.25","4,089","hI.l""E.ri@s",8,3,{hilar--ious},"{hI.l""E.r--i@s}",2,JJ,677.625,-0.297,220.607,28,0.94,627.429,-0.495,97.239,,1
hoe,3,"1,022",6.93,0.92,1.681,0.33,1.462,22,59,61,12,12,7.6,8.935,8.948,8.081,8.081,15,8.6,7,5.7,0.91,4.74,0.335,0,1.191,8.72,5.545,4.8,5.4,5.96,"2,757","1,378.50",845,"h""o",2,1,{hoe},"{h""o}",1,NN|VB,709.438,-0.256,266.548,27,0.94,617.37,-0.401,138.513,,1
holy,4,"27,262",10.213,68.14,3.541,22.52,3.276,3,18,22,1,1,9.9,6.324,6.417,11.171,11.171,1,11.2,2,9.2,1.03,1.67,0.643,"6,178",1.382,5.55,1.292,6.06,3.37,4.78,"8,999","2,999.67","1,834","h""o.li",4,2,{holy},"{h""o.li}",1,JJ|NN,608.364,-0.51,172.048,26,0.97,627.885,-0.584,139.276,,0.929
honest,6,"22,071",10.002,72.33,3.567,27.79,3.368,0,0,0,0,0,,,,,,,,,,,1.66,0.578,"1,527",1.86,5.46,1.625,8.16,4,6.7,"36,056","7,211.20","5,049","""A.n@st",5,2,{honest},"{""A.n@st}",1,JJ|minor,591.676,-0.68,192.78,28,1,586.679,-0.497,85.309,,1
horrific,8,857,6.753,1.37,1.851,0.77,1.819,0,0,0,0,0,,,,,,,,,,,2.5,0.479,0,1.682,9.8,,2.2,6,4.15,"21,871","3,124.43","4,762","hO.r""I.fIk",7,3,{horr--ific},"{hO.r--""I.fIk}",2,JJ,692.258,-0.314,222.311,28,0.94,643.964,-0.315,114.857,,1
hot,3,"51,546",10.85,189.84,3.986,50.18,3.624,23,38,38,17,17,8.6,7.879,7.879,8.596,8.596,5,12.9,18,7.4,1.26,4.31,0.656,"7,150",1.789,3.37,3,5.73,4.76,5,"4,242","2,121.00","1,193","h""At",3,1,{hot},"{h""At}",1,JJ|VB,592.441,-0.659,203.962,27,0.97,550.778,-0.803,85.73,,1
houses,6,"11,777",9.374,19.12,2.989,8.8,2.869,7,6,6,1,1,4,3.105,3.105,3.135,3.135,0,,7,4,2.35,,0.665,"7,448",1.762,3.16,,,,,"25,802","5,160.40","4,279","h""aUz.@z",5,2,{house}>s>,"{h""aUz}.>@z>",2,NN|VB,568.188,-0.719,84.772,26,0.97,574.038,-0.676,89.198,,1
huge,4,"38,161",10.55,48.37,3.392,19.42,3.212,5,8,8,1,1,7,4.884,4.884,7.123,7.123,0,,5,7,1.52,3.54,0.67,"8,021",2.038,4.9,1.348,5.72,4.24,4.89,"3,602","1,200.67",732,"hj""udZ",4,1,{huge},"{hj""udZ}",1,JJ|NN,618.265,-0.37,147.014,26,1,608.385,-0.529,115.319,,0.929
hungry,6,"6,300",8.748,77.08,3.595,29.1,3.388,0,0,0,0,0,,,,,,,,,,,2.9,0.559,299,1.695,3.63,2.962,3.54,5.6,4.59,"14,960","2,992.00","1,776","h""VN.gri",6,2,{hungry},"{h""VN.gri}",1,JJ,566.412,-0.739,127.404,28,0.97,615.214,-0.459,123.474,,1
ice,3,"38,056",10.547,79.55,3.608,23.53,3.296,6,20,20,3,3,7.5,8.942,8.942,7.386,7.386,0,,6,7.5,1.42,4.89,0.658,"7,306",1.599,3.86,5.458,6.06,3.3,4.89,"7,149","3,574.50",143,"""aIs",2,1,{ice},"{""aIs}",1,NN|VB,541.471,-0.822,150.062,28,1,558.107,-0.793,122.327,,1
impeccable,10,420,6.04,1.59,1.914,0.87,1.869,1,0,0,0,0,5,,,,,0,,1,5,1.2,2.12,0.349,0,1.906,11.37,,5.9,4.88,6.18,"23,834","2,648.22","3,168","Im.p""E.k@.bl=",8,4,<in<{pecc--able},"<Im<.{p""E.k--@.bl=}",3,JJ,860.269,0.186,383.018,26,0.76,855.269,0.589,248.62,,1
impenetrable,12,235,5.46,1.02,1.724,0.54,1.663,0,0,0,0,0,,,,,,,,,,,2.62,0.364,0,1.804,11.11,,4.95,4.61,4.19,"41,916","3,810.55","4,379","Im.p""E.n@.tr@.bl=",11,5,<in<{penetr--able},"<Im<.{p""E.n@.tr--@.bl=}",3,JJ,"1,014.52",0.873,308.286,19,0.75,841.526,0.653,265.495,,0.864
impossible,10,"27,164",10.21,59.12,3.479,24.56,3.314,1,1,1,0,0,5.7,5.986,5.986,,,0,,1,5.7,1.78,1.66,0.648,"6,516",2.149,7.32,,3.5,4.52,3.5,"23,948","2,660.89","2,763","Im.p""A.s@.bl=",8,4,<in<{possible},"<Im<.{p""A.s@.bl=}",2,JJ,805.5,-0.154,423.836,27,0.94,619.556,-0.43,123.245,,1
impulse,7,"3,228",8.08,5.27,2.431,2.21,2.269,0,0,0,0,0,,,,,,,,,,,2.52,0.557,178,1.689,9,2.16,5.16,5.33,4.74,"11,544","1,924.00","2,029","""Im.pVls",6,2,{im--pulse},"{""Im-.-pVls}",2,NN,643.714,-0.548,191.465,28,1,625.571,-0.406,114.675,,1
inaudible,9,272,5.606,0.57,1.477,0.25,1.342,1,1,1,0,0,2.6,4.804,4.804,,,0,,1,2.6,2.19,2.29,0.301,0,1.596,12.84,,3.61,3.33,4.26,"32,567","4,070.88","3,640","In.""O.4@.bl=",7,4,<in<{aud--ible},"<In<.{""O.4--@.bl=}",3,JJ,802.815,0.142,254.786,25,0.82,686.76,-0.271,189.807,,0.926
industry,8,"56,926",10.95,11.69,2.776,4.59,2.587,0,0,0,0,0,,,,,,,,,,,3.29,0.673,"7,938",1.845,10.44,,5.07,4.25,4.65,"33,465","4,780.71","4,417","""In.4@.stri",8,3,{industry},"{""In.4@.stri}",1,NN,617.971,-0.547,198.796,26,1,689.038,-0.227,199.296,,1
intelligent,11,"20,769",9.941,13.51,2.839,6.47,2.736,0,1,1,0,0,,10.195,10.195,,,,,,,,2.46,0.615,"4,584",1.882,8.28,,7.6,5.67,6.77,"58,395","5,839.50","6,769","In.t""E.lI.dZ@nt",10,4,{intellig--ent},"{In.t""E.lI.dZ--@nt}",2,JJ,671.242,-0.352,172.646,28,1,743.714,-0.017,127.265,,1
interest,8,"90,246",11.41,50.94,3.415,21.79,3.262,0,0,0,0,0,,,,,,,,,,,1.8,0.687,"9,006",2.132,7.37,,6.66,4.36,6.31,"70,210","10,030.00","9,941","""In.4@.rEst",8,3,{interest},"{""In.4@.rEst}",1,NN|VB,615.364,-0.443,237.633,22,1,629.909,-0.468,210.763,,0.957
invisible,9,"7,180",8.879,12.35,2.8,4.7,2.597,1,0,0,0,0,5,,,,,0,,1,5,1.77,2.83,0.592,"2,804",1.849,7.06,,5,3.95,4.27,"34,805","4,350.63","4,348","In.v""I.z@.bl=",8,4,<in<{vis--ible},"<In<.{v""I.z--@.bl=}",3,JJ,707,-0.362,203.234,26,1,667.269,-0.23,128.861,,1
jail,4,"9,659",9.176,70.63,3.557,20.33,3.232,12,36,36,11,11,8.1,7.619,7.619,8.376,8.376,3,10.5,9,7.3,1.13,4.83,0.606,"3,879",1.339,5.74,4.174,1.91,4.47,3.91,"5,073","1,691.00","1,231","dZ""el",3,1,{jail},"{dZ""el}",1,NN|VB,567.935,-0.869,173.763,27,1,652.778,-0.291,145.142,,1
jug,3,837,6.73,2.63,2.13,0.89,1.881,13,16,16,12,12,7.3,7.415,7.415,7.189,7.189,9,8,4,5.8,0.92,4.96,0.42,0,1.465,5.83,,5.45,3.73,5.45,"1,017",508.5,407,"dZ""Vg",3,1,{jug},"{dZ""Vg}",1,NN,655.273,-0.536,309.224,28,0.97,602.357,-0.5,95.732,,1
kind,4,"131,849",11.789,590.69,4.479,87.23,3.864,9,18,18,5,5,9.4,6.611,6.611,9.786,9.786,1,12.8,8,9,1.26,2.07,0.676,"8,479",2.059,4.89,2.28,7.78,3.19,7.62,"19,027","6,342.33","2,154","k""aInd",4,1,{kind},"{k""aInd}",1,NN,582.273,-0.747,198.1,26,1,617.269,-0.561,100.086,,1
kiss,4,"12,848",9.461,121.16,3.791,32.65,3.438,7,20,20,4,4,7.7,8.551,8.551,7.611,7.611,2,10.6,5,6.5,1.23,4.48,0.612,"3,858",1.289,3.61,4.571,7.78,6.05,6.52,"10,531","3,510.33","2,426","k""Is",3,1,{kiss},"{k""Is}",1,NN|VB,522.114,-0.796,107.623,28,1,615.929,-0.487,98.841,,1
kite,4,"2,346",7.76,2.29,2.072,0.91,1.887,8,34,34,7,7,8.2,8.437,8.437,8.159,8.159,5,9.5,3,6.2,0.94,5,0.532,0,1.239,4.58,5.8,6.9,4.2,6.24,"13,807","4,602.33","1,844","k""aIt",3,1,{kite},"{k""aIt}",1,NN,573.061,-0.752,119.336,28,0.97,623.25,-0.506,185.815,,1
lap,3,"6,364",8.758,13.47,2.838,6.19,2.716,26,35,35,19,19,7.9,7.546,7.546,7.784,7.784,8,10,18,6.9,1.11,4.11,0.571,932,1.536,3.15,4.13,5.89,3.45,5.26,"5,904","2,952.00","1,052","l""ap",3,1,{lap},"{l""ap}",1,NN|VB,625.824,-0.584,202.856,28,1,510.857,-0.901,87.975,,1
lapel,5,239,5.476,0.49,1.415,0.29,1.398,1,0,0,0,0,10,,,,,1,10,0,,0.55,4.56,0.321,0,1.509,11.73,,5.74,3.17,5.21,"12,768","3,192.00","2,327","l@.p""El",5,2,{lapel},"{l@.p""El}",1,NN,770.913,-0.012,207.09,17,0.64,751,-0.085,138.447,,0.68
large,5,"134,354",11.808,41.45,3.325,17.64,3.171,5,9,9,3,3,6.9,7.018,7.018,6.9,6.9,0,,5,6.9,1.7,3.37,0.691,"8,890",2.275,5.74,1.68,5.77,5.35,5.05,"13,255","3,313.75","3,571","l""ArdZ",4,1,{large},"{l""ArdZ}",1,JJ|RB|NN,642.469,-0.614,370.525,28,0.97,635.75,-0.438,306.332,,1
lawn,4,"2,663",7.887,12.35,2.8,5.05,2.628,8,36,36,8,8,6.9,7.88,7.88,6.942,6.942,2,9.9,6,6,1.14,4.93,0.568,662,1.424,5.45,5.696,6.05,2.62,6.04,"5,072","1,690.67",951,"l""On",3,1,{lawn},"{l""On}",1,NN,612.125,-0.544,219.411,27,0.97,583.259,-0.613,111.956,,1
lawsuit,7,"3,855",8.257,6.1,2.494,2.48,2.32,0,0,0,0,0,,,,,,,,,,,2.94,0.594,"2,933",1.56,10.56,,2.84,5.39,3.2,"11,561","1,926.83","1,887","l""O.s%ut",5,2,{law}{suit},"{l""O}.{s%ut}",2,NN,684.353,-0.311,218.169,27,1,629.296,-0.502,78.972,,1
leash,5,"2,002",7.602,4.29,2.342,1.97,2.22,3,24,24,2,2,9.1,7.167,7.167,7.534,7.534,2,10.2,1,7,0.84,4.89,0.32,0,1.06,5.79,5.708,5.25,3,4.32,"15,473","3,868.25","2,521","l""iS",3,1,{leash},"{l""iS}",1,NN|VB,608.161,-0.508,166.194,24,0.97,556.417,-0.756,105.306,,1
leather,7,"11,445",9.345,13.59,2.841,5.83,2.69,3,17,17,3,3,8.7,6.717,6.717,8.742,8.742,1,10,2,8.1,1.07,4.82,0.592,"2,540",1.549,7.25,5.577,5.84,3.57,5.32,"37,188","6,198.00","5,965","l""E.D@`",4,2,{leather},"{l""E.D@`}",1,NN,633.676,-0.544,180.317,25,1,575.4,-0.627,119.695,,0.962
lecture,7,"4,779",8.472,10.47,2.728,4.86,2.612,0,0,0,0,0,,,,,,,,,,,3.79,0.592,"2,895",1.629,9.5,2.84,4,3.16,4.5,"23,389","3,898.17","3,064","l""Ek.tS@`",5,2,{lect--ure},"{l""Ek.tS--@`}",2,NN|VB,552.714,-0.763,97.553,27,1,587.074,-0.701,151.652,,0.964
length,6,"50,773",10.835,7.02,2.555,3.22,2.433,0,0,0,0,0,,,,,,,,,,,4.07,0.654,"6,577",2.014,6.05,2,5.21,3.41,5.67,"25,086","5,017.20","2,513","l""ENT",4,1,{length},"{l""ENT}",1,NN,658.033,-0.595,319.04,27,0.94,564.481,-0.705,103.219,,1
lenses,6,"5,083",8.534,2.27,2.068,0.87,1.869,5,0,0,0,0,4.9,,,,,0,,5,4.9,1.73,,0.568,386,1.424,9.53,,,,,"34,687","6,937.40","4,387","l""Enz.@z",6,2,{lens}>s>,"{l""Enz}.>@z>",2,NN,650.875,-0.456,194.84,25,0.94,677,-0.4,158.257,,0.962
likely,6,"71,675",11.18,25.76,3.119,12.41,3.018,1,3,3,1,1,7.5,6.159,6.159,7.542,7.542,0,,1,7.5,1.48,1.76,0.68,"8,570",2.221,6.33,,6.9,4.42,6.14,"15,405","3,081.00","1,704","l""aIk.li",5,2,{like}>ly>,"{l""aIk}.>li>",2,JJ|RB,549.625,-0.74,139.172,27,1,565.407,-0.732,82.989,,1
line,4,"239,804",12.388,206.18,4.022,54.11,3.657,26,41,41,16,16,8.2,7.926,7.926,8.751,8.751,1,13.9,25,8,1.51,4.5,0.68,"8,590",2.107,4.85,2.667,4.82,3.24,4.89,"25,590","8,530.00","2,199","l""aIn",3,1,{line},"{l""aIn}",1,NN|VB,656.903,-0.58,313.077,28,0.94,614.607,-0.554,130.717,,1
loud,4,"11,931",9.387,39.82,3.308,17.95,3.178,7,23,23,4,4,6.2,6.451,6.451,6.025,6.025,2,10.6,5,4.4,1.52,3.73,0.586,"2,218",1.67,4.538,2.12,,,,"7,316","2,438.67","1,726","l""aUd",3,1,{loud},"{l""aUd}",1,JJ|NN,551.333,-0.77,168.703,28,1,536.357,-0.892,94.741,,1
low,3,"86,110",11.363,59.14,3.48,24.33,3.31,24,59,65,10,10,8.5,8.578,8.513,7.964,7.964,4,12.7,20,7.7,1.33,3.34,0.679,"8,261",2.197,4.7,1.833,4.39,2.21,3.11,"4,296","2,148.00",921,"l""o",2,1,{low},"{l""o}",1,JJ|NN|RB|VB,560.455,-0.81,157.229,28,1,583.214,-0.634,83.775,,1
lungs,5,"2,629",7.874,10.59,2.733,4.47,2.575,5,10,10,4,4,4.8,5.673,5.673,4.504,4.504,0,,5,4.8,1.63,,0.566,20,1.465,7.16,,,,,"13,753","3,438.25","1,586","l""VNz",4,1,{lung}>s>,"{l""VN}>z>",2,NN,577.294,-0.696,127.182,27,1,591.815,-0.586,94.083,,0.964
luxurious,9,489,6.192,1.12,1.763,0.64,1.74,0,0,0,0,0,,,,,,,,,,,2.93,0.553,1,1.544,10,,7.58,4.73,6.62,"21,193","2,649.13","2,749","lVg.Z""U.ri@s",9,3,{luxury}>ous>,"{lVg.Z""U.ri$}>@s>",2,JJ,688.853,-0.299,312.545,29,0.97,658.931,-0.284,176.143,,1
mediocre,8,"2,673",7.891,1.39,1.857,0.75,1.806,0,0,0,0,0,,,,,,,,,,,1.62,0.506,0,1.803,11.59,,4.43,3,4.16,"30,590","4,370.00","2,714","m%i.4i.""o.k@`",7,4,{mediocre},"{m%i.4i.""o.k@`}",1,JJ,853.346,0.144,360.345,22,0.74,665.091,-0.169,243.618,,0.846
meditative,10,311,5.74,0.22,1.079,0.11,1,0,1,1,0,0,,6.196,6.196,,,,,,,,1.75,0.442,0,1.165,12.06,,,,,"45,450","5,050.00","5,739","m""E.4@.t%e4.Iv",9,4,{meditate}>ive>,"{m""E.4@.t%e4}.>Iv>",2,JJ,883.688,0.513,333.248,22,0.94,890.773,0.71,222.921,,0.846
mental,6,"18,663",9.834,19.65,3.001,8.43,2.85,3,8,13,2,2,7.6,6.54,6.452,8.611,8.611,0,,3,7.6,1.3,2.04,0.641,"6,280",1.508,8.84,2.13,4.58,3.68,5.48,"25,441","5,088.20","3,768","m""En.4l=",5,2,{mental},"{m""En.4l=}",1,JJ,599.735,-0.695,132.614,25,1,587.96,-0.689,120.58,,1
microscope,10,"1,171",7.066,2.53,2.114,1.23,2.017,1,0,0,0,0,6.1,,,,,0,,1,6.1,1.16,5,0.548,1,1.294,9.16,5.721,6.33,4,5.05,"26,339","2,926.56","2,939","m""aI.kr@.sk%op",9,3,{micro--scope},"{m""aI.kr@-.-sk%op}",2,NN,807.969,0.078,380.312,26,1,633.308,-0.409,150.672,,1
miserable,9,"3,228",8.08,21.49,3.04,10.18,2.932,1,0,0,0,0,7,,,,,0,,1,7,1.15,1.97,0.508,0,1.748,10.11,,2.6,5.06,3.86,"42,224","5,278.00","7,022","m""Iz.r@.bl=",7,3,{miser--able},"{m""Iz.r--@.bl=}",2,JJ,691.559,-0.327,212.4,27,1,694.111,-0.253,227.868,,1
mole,4,"1,536",7.337,8.06,2.615,1.93,2.212,22,56,56,17,17,7.8,7.071,7.071,7.427,7.427,12,10,10,5.1,0.94,4.41,0.552,22,1.552,7.33,4.24,4.23,3.81,5.32,"11,304","3,768.00","2,472","m""ol",3,1,{mole},"{m""ol}",1,NN,578.324,-0.744,235.65,26,1,597.538,-0.583,139.989,,1
moon,4,"30,689",10.332,49.96,3.406,13.91,3.067,13,34,34,11,11,7.2,7.95,7.95,7.345,7.345,1,11.4,12,6.8,1.44,4.9,0.65,"7,017",1.531,4.83,2.083,7,3.43,6.11,"12,123","4,041.00","2,131","m""un",3,1,{moon},"{m""un}",1,NN|VB,613.735,-0.765,185.413,24,1,572.583,-0.765,82.777,,1
mop,3,723,6.583,4.14,2.326,1.8,2.182,21,22,22,14,14,7.8,7.771,7.771,8.196,8.196,16,8.6,5,5.4,0.84,4.97,0.345,0,1.71,5.11,6.192,4.53,3.14,5.32,"3,491","1,745.50","1,192","m""Ap",3,1,{mop},"{m""Ap}",1,NN|VB,632.387,-0.553,204.099,28,0.94,559.714,-0.684,96.822,,1
muffins,7,401,5.994,3.49,2.253,1.41,2.075,2,2,2,1,1,2,3.052,3.052,3.332,3.332,0,,2,2,2.98,,0.295,0,,5.11,,,,,"22,323","3,720.50","3,758","m""V.fInz",6,2,{muffin}>s>,"{m""V.fIn}>z>",2,NN,709.581,-0.368,377.041,27,0.97,618.444,-0.601,66.79,,1
mug,3,"1,642",7.404,6.84,2.544,3.1,2.417,16,24,24,14,14,7.8,7.578,7.578,7.679,7.679,8,9.1,8,6.5,0.95,4.8,0.362,0,1.351,5.15,6.139,4.16,3.83,4.82,"1,419",709.5,627,"m""Vg",3,1,{mug},"{m""Vg}",1,NN,664.206,-0.579,266.891,28,0.97,587.429,-0.622,102.57,,1
mushy,5,579,6.361,1.51,1.892,0.85,1.857,8,8,8,2,2,4.3,5.369,5.369,2.773,2.773,0,,8,4.3,1.49,3.57,0.252,0,,6.56,2.214,4.6,3.71,5.47,"6,954","1,738.50","1,407","m""VS.i",4,2,{mush}>y>,"{m""VS}.>i>",2,JJ,648.259,-0.431,132.131,27,0.84,651.481,-0.419,148.256,,1
nasty,5,"14,007",9.547,22.57,3.062,10.69,2.953,4,0,0,0,0,6.1,,,,,0,,4,6.1,1.57,2.37,0.54,0,1.787,6,,2.95,5.44,3.98,"14,452","3,613.00","2,630","n""a.sti",5,2,{nasty},"{n""a.sti}",1,JJ|NN,614.625,-0.666,258.325,28,0.97,595.357,-0.629,76.36,,1
nest,4,"2,558",7.847,11.1,2.754,4.38,2.566,14,21,21,9,9,8.9,7.65,7.65,9.109,9.109,8,10.6,6,6.5,0.88,4.86,0.579,"1,479",1.301,5.11,,5.65,3.35,5.5,"25,402","8,467.33","2,748","n""Est",4,1,{nest},"{n""Est}",1,NN|VB,648.938,-0.529,296.827,26,0.94,546.923,-0.73,110.518,,1
nice,4,"113,119",11.636,649.51,4.52,84.57,3.851,9,19,22,7,7,8.1,7.938,7.696,8.495,8.495,0,,9,8.1,1.44,2.18,0.607,"4,216",1.641,3.95,2.24,6.95,3.53,6.47,"10,329","3,443.00","1,110","n""aIs",3,1,{nice},"{n""aIs}",1,JJ,561.727,-0.857,159.018,26,1,552.038,-0.73,103.445,,0.929
noodles,7,"1,180",7.073,6.06,2.491,1.41,2.075,4,8,8,3,3,3.1,3.478,3.478,3.327,3.327,0,,4,3.1,2.3,,,,,,,,,,"24,761","4,126.83","5,220","n""u.4l=z",5,2,{noodle}>s>,"{n""u.4l=}>z>",2,NN,,,,,,,,,,
numbers,7,"73,323",11.203,39.61,3.306,14.93,3.098,2,3,3,2,2,1.8,3.974,3.974,1.792,1.792,0,,2,1.8,6.25,,0.673,"8,173",2.05,3.94,,,,,"21,817","3,636.17","4,699","n""Vm.b@`z",6,2,{number}>s>,"{n""Vm.b@`}>z>",2,NN|VB,581.441,-0.609,166.821,28,1,559.821,-0.632,79.947,,1
obese,5,735,6.6,0.49,1.415,0.29,1.398,0,2,2,0,0,,1.386,1.386,,,,,,,,3.7,0.416,0,1.055,9.39,3.16,2.32,3.95,4.22,"19,422","4,855.50","1,440","o.b""is",4,2,{obese},"{o.b""is}",1,JJ,708.939,-0.254,301.002,25,0.97,598.24,-0.443,127.332,,1
ocean,5,"11,050",9.31,30.29,3.189,10.28,2.936,0,1,1,0,0,,6.576,6.576,,,,,,,,4.86,0.643,"6,223",1.409,4.74,5.217,7.39,3.5,5.88,"14,504","3,626.00","1,513","""o.Sn=",3,2,{ocean},"{""o.Sn=}",1,NN,588.061,-0.719,220.021,28,0.97,559.321,-0.722,88.186,,1
old,3,"238,321",12.381,608.94,4.492,82.37,3.84,4,4,4,1,1,7.2,6.837,6.837,9.093,9.093,0,,4,7.2,1.73,2.72,0.693,"9,306",2.144,3.72,1.76,3.19,4.48,4.22,"3,394","1,697.00",84,"""old",3,1,{old},"{""old}",1,JJ|NN,634.032,-0.745,277.12,25,0.94,566.68,-0.737,98.24,,1
open,4,"145,040",11.885,320.41,4.213,69.71,3.767,4,4,4,1,1,7.2,5.772,5.772,6.903,6.903,0,,4,7.2,1.65,3.21,0.69,"9,109",2.164,5,2.2,6.14,4.43,6.17,"11,921","3,973.67",792,"""o.p@n",4,2,{open},"{""o.p@n}",1,JJ|VB|NN|RB,554.471,-0.775,222.066,28,1,525.929,-0.833,98.937,,1
oranges,7,"2,062",7.631,2.45,2.1,1.04,1.944,1,2,2,0,0,1.1,5.195,5.195,,,0,,1,1.1,6.95,,0.471,0,1.609,3.26,,,,,"42,239","7,039.83","5,429","""O.rIndZ.@z",7,3,{orange}>s>,"{""O.rIndZ}.>@z>",2,NN,597.485,-0.537,132.5,26,1,577.538,-0.619,79.572,,1
organic,7,"5,534",8.619,4.31,2.344,1.9,2.204,0,0,0,0,0,,,,,,,,,,,2.68,0.622,"4,455",1.437,13.68,,5.55,4.29,6.17,"22,062","3,677.00","2,292","Or.g""a.nIk",7,3,{organ--ic},"{Or.g""a.n--Ik}",2,JJ,668.364,-0.313,217.213,24,1,588.917,-0.537,103.948,,1
painter,7,"1,728",7.455,6.75,2.538,2.29,2.286,4,5,5,2,2,8.4,6.445,6.445,7.082,7.082,3,9.7,1,4.5,0.89,4.52,0.606,"3,177",1.119,5.6,,6.6,3.29,5.71,"45,588","7,598.00","6,569","p""en4.@`",5,2,{paint}>er>,"{p""en4}.>@`>",2,NN,656.765,-0.345,212.34,25,1,667.28,-0.466,262.21,,1
palatable,9,584,6.37,0.25,1.146,0.15,1.146,1,0,0,0,0,0,,,,,0,,1,0,0,2.96,0.334,0,1.806,12.72,1.792,,,,"34,910","4,363.75","4,610","p""a.l@4.@.bl=",8,4,{palate}>able>,"{p""a.l@4}.>@.bl=>",2,JJ,829.577,0.342,245.927,22,0.76,832.818,0.542,295.134,,0.846
parasite,8,"2,898",7.972,2.47,2.104,0.99,1.924,0,0,0,0,0,,,,,,,,,,,4.34,0.549,1,1.089,9.94,2.909,1.9,5.65,3.08,"33,097","4,728.14","6,479","p""a.r@.saIt",7,3,{parasite},"{p""a.r@.saIt}",1,NN,781.733,-0.205,406.097,28,0.94,633.357,-0.312,108.4,,1
patrol,6,"5,794",8.665,15.53,2.899,5.97,2.701,2,0,0,0,0,7.1,,,,,0,,2,7.1,1.22,3.86,0.615,"4,412",1.424,8.56,3.222,4.04,4.26,5.27,"20,837","4,167.40","4,008","p@.tr""ol",6,2,{patrol},"{p@.tr""ol}",1,NN|VB,675.576,-0.368,245.729,25,0.94,704.72,-0.363,214.902,,0.962
pears,5,307,5.727,0.98,1.708,0.39,1.532,16,42,50,3,3,7.6,6.366,6.396,8.372,8.372,12,8.6,4,4.7,0.75,,0.406,0,1.227,4,,,,,"16,197","4,049.25","3,244","p""Erz",4,1,{pear}>s>,"{p""Er}>z>",2,NN,663.552,-0.332,215.953,17,0.88,712.529,-0.228,261.846,,0.63
pen,3,"7,902",8.975,24.73,3.101,9.73,2.912,24,37,40,19,19,8.6,8.126,8.14,8.762,8.762,10,10.2,14,7.5,1.04,4.92,0.606,"4,091",1.76,5.11,6.64,5.63,2.75,6.17,"10,383","5,191.50","2,081","p""En",3,1,{pen},"{p""En}",1,NN,610.882,-0.706,228.352,28,1,542.929,-0.799,85.985,,1
pepper,6,"5,324",8.58,8.8,2.653,3.18,2.428,2,8,8,2,2,5.1,5.971,5.971,5.055,5.055,0,,2,5.1,1.7,4.59,0.574,"1,513",0.901,5.47,5.875,5.63,4.3,5.75,"21,715","4,343.00","4,990","p""E.p@`",4,2,{pepper},"{p""E.p@`}",1,NN|VB,661.219,-0.606,257.636,28,0.97,615.143,-0.568,139.969,,1
petrified,9,286,5.656,1.73,1.949,0.86,1.863,1,1,1,1,1,1.4,1.386,1.386,1.386,1.386,0,,1,1.4,4.08,3.17,0.362,0,1.657,9.05,,3.37,5.17,3.58,"30,515","3,814.38","5,385","p""E.tr@.faId",8,3,{petr--ify}>ed>,"{p""E.tr--@.faI}>d>",3,JJ|VB,834.194,0.222,323.333,28,0.91,693.643,-0.126,171.892,,1
physics,7,"29,221",10.283,9.45,2.684,2.93,2.393,1,1,1,0,0,1.6,10.697,10.697,,,0,,1,1.6,6.39,3.07,0.613,"4,033",1.073,11.68,1.852,5.53,4.27,5.16,"10,099","1,683.17","1,793","f""I.zIks",6,2,{phys--ics},"{f""I.z--Iks}",2,NN,745.545,-0.238,363.415,25,1,675.28,-0.114,155.417,,0.962
pink,4,"13,066",9.478,28.47,3.162,9.68,2.91,15,15,15,8,8,7.6,7.476,7.476,7.873,7.873,2,10.6,13,7.1,1.24,3.93,0.623,"4,956",1.545,3.8,1.407,6.68,4.35,6.74,"17,111","5,703.67","1,834","p""INk",4,1,{pink},"{p""INk}",1,JJ|NN,568.824,-0.736,197.309,26,1,588.154,-0.552,116.981,,1
pipe,4,"12,205",9.41,19.39,2.996,7.67,2.809,7,19,19,6,6,8,7.491,7.491,8.324,8.324,0,,7,8,1.17,4.88,0.609,"3,934",1.467,8.17,5.654,4.75,4.11,5.92,"6,050","2,016.67","1,361","p""aIp",3,1,{pipe},"{p""aIp}",1,NN|VB,671.485,-0.438,268.186,27,0.97,569.963,-0.632,70.69,,1
planet,6,"26,589",10.188,38.73,3.296,10.23,2.934,3,1,1,0,0,6.7,0.693,0.693,,,0,,3,6.7,1.53,4.58,0.645,"6,581",1.313,6.67,4.2,6.27,4.35,6.11,"21,104","4,220.80","3,886","pl""a.n@t",6,2,{planet},"{pl""a.n@t}",1,NN,594.676,-0.75,138.689,25,1,599.28,-0.575,87.922,,0.962
plug,4,"15,792",9.667,10.41,2.726,4.72,2.599,3,7,7,3,3,8.9,7.68,7.68,8.886,8.886,1,11.5,2,7.6,1.09,4.64,0.562,316,1.568,6.05,5.875,4.42,3.35,5.67,"3,270","1,090.00","1,135","pl""Vg",4,1,{plug},"{pl""Vg}",1,NN|VB,609.441,-0.628,208.976,27,1,569.111,-0.665,75.161,,1
polite,6,"5,981",8.696,13.94,2.853,7.06,2.773,3,1,1,0,0,5.4,6.443,6.443,,,1,10.8,2,2.8,1.6,1.85,0.478,0,1.672,4.63,,6.57,2.95,7.4,"23,303","4,660.60","4,351","p@.l""aIt",5,2,{polite},"{p@.l""aIt}",1,JJ,640.688,-0.504,276.375,28,0.97,626.964,-0.614,157.203,,1
pond,4,"3,604",8.19,6.33,2.51,2.47,2.318,8,18,18,4,4,6.8,5.723,5.723,7.42,7.42,2,8.9,6,6.1,1.2,4.9,0.593,"2,542",1.341,5.16,4.5,6.32,2.32,5.95,"13,638","4,546.00","3,744","p""And",4,1,{pond},"{p""And}",1,NN,560.033,-0.722,102.467,25,0.94,554.04,-0.727,65.039,,1
pool,4,"16,200",9.693,46.98,3.38,14.31,3.079,10,32,32,6,6,8.5,7.179,7.179,8.761,8.761,3,10.7,7,7.5,1.14,4.77,0.644,"6,536",1.643,5.15,6.042,6.78,3.65,6.39,"6,780","2,260.00","2,060","p""ul",3,1,{pool},"{p""ul}",1,NN|VB,581.061,-0.743,196.359,29,1,574.552,-0.632,103.526,,1
poor,4,"53,482",10.887,129.08,3.818,38.44,3.509,8,28,28,4,4,7.8,8.405,8.405,6.8,6.8,1,10.9,7,7.3,1.4,2.7,0.679,"8,566",1.989,6.11,1.87,3.67,4.67,4,"9,199","3,066.33","2,236","p""Ur",3,1,{poor},"{p""Ur}",1,JJ,588.118,-0.77,218.853,28,0.97,591.5,-0.746,80.358,,1
popcorn,7,949,6.855,9.12,2.668,3.68,2.491,0,0,0,0,0,,,,,,,,,,,5,0.435,0,1.188,4.17,6,7.26,5.23,5.39,"14,508","2,418.00","2,428","p""Ap.k%Orn",7,2,{pop}{corn},"{p""Ap}.{k%Orn}",2,NN,621.061,-0.551,186.609,26,1,588.269,-0.672,99.791,,1
posh,4,313,5.746,1.27,1.819,0.6,1.708,12,22,22,8,8,6.6,6.403,6.403,5.933,5.933,7,8.7,5,3.8,0.87,2.41,0.367,0,1.525,11.88,,5.58,3.95,5.45,"6,780","2,260.00","1,756","p""AS",3,1,{posh},"{p""AS}",1,JJ|VB,716.958,-0.205,229.462,27,0.69,599.444,-0.574,129.345,,1
potato,6,"3,178",8.064,11.29,2.761,4.59,2.587,0,0,0,0,0,,,,,,,,,,,4.85,0.562,51,1.514,4.84,5.6,6.4,2.38,5.46,"18,720","3,744.00","2,703","p@.t""e.4o",6,3,{potato},"{p@.t""e.4o}",1,NN,749.2,-0.22,286.15,27,0.94,657,-0.469,139.539,,1
pretty,6,"129,994",11.775,392.22,4.301,75.63,3.802,0,5,5,0,0,,4.992,4.992,,,,,,,,2.4,0.615,"4,483",1.776,4.09,1.565,7.7,5.5,6.7,"16,340","3,268.00","3,730","pr""I.4i",5,2,{pretty},"{pr""I.4i}",1,RB|JJ,613.879,-0.65,177.809,27,0.97,637.667,-0.355,171.972,,1
priest,6,"14,417",9.576,26.2,3.126,6.22,2.719,2,6,6,0,0,2,7.036,7.036,,,0,,2,2,4.76,4.77,0.629,"5,357",1.39,7.1,4.56,4.5,3.76,5.82,"32,971","6,594.20","4,723","pr""ist",5,1,{priest},"{pr""ist}",1,NN,687.727,-0.443,332.862,27,0.97,583.259,-0.615,88.313,,1
prosecutor,10,"2,268",7.727,7.18,2.565,1.93,2.212,0,0,0,0,0,,,,,,,,,,,4.24,0.567,285,1.262,11.47,4.64,3.55,6.17,5.12,"26,296","2,921.78","5,293","pr""A.s@.kj%u4.@`",10,4,{pro--secute}>or>,"{pr""A-.-s@.kj%u4}.>@`>",3,NN,789.818,-0.017,348.248,26,0.97,706.231,-0.131,198.62,,1
puppy,5,"8,534",9.052,11.45,2.767,4.57,2.584,4,8,8,3,3,4.9,5.141,5.141,5.241,5.241,0,,4,4.9,1.85,4.78,0.503,0,0.932,3.28,6.25,7.85,5.84,6.24,"2,679",669.75,"1,105","p""V.pi",4,2,{pupp--y},"{p""V.p--i}",2,NN,600.485,-0.673,196.702,26,0.97,636.5,-0.499,172.08,,1
purple,6,"9,407",9.149,12.33,2.799,5.03,2.626,0,3,3,0,0,,8.769,8.769,,,,,,,,4.04,0.609,"3,866",1.564,3.6,1.44,5.6,4.05,5.85,"12,150","2,430.00","3,329","p""3`.pl=",4,2,{purple},"{p""3`.pl=}",1,JJ|NN,584.303,-0.648,166.572,27,1,573.148,-0.655,86.697,,1
quake,5,"3,997",8.293,1.61,1.919,0.57,1.69,0,6,6,0,0,,6.894,6.894,,,,,,,,3.64,0.497,0,1.475,8.15,1.917,3.3,6.9,2.71,"4,530","1,132.50","1,330","kw""ek",4,1,{quake},"{kw""ek}",1,NN|VB,669.484,-0.427,304.129,27,0.97,592.333,-0.623,100.865,,1
quiet,5,"13,086",9.479,117.22,3.777,37.37,3.496,3,0,0,0,0,5.6,,,,,0,,3,5.6,1.71,2.76,0.624,"5,505",1.853,4.15,1.96,6.47,1.95,5.8,"9,220","2,305.00","1,290","kw""aI@t",5,1,{quiet},"{kw""aI@t}",1,JJ|VB|NN,645.281,-0.584,374.543,27,0.97,592.741,-0.625,101.878,,1
rain,4,"17,801",9.787,48.9,3.397,17.24,3.16,12,51,63,10,13,8.1,7.648,7.545,8.199,8.06,3,10.6,9,7.3,1.2,4.97,0.631,"5,655",1.575,3.6,4.958,6.58,3.29,4.25,"22,375","7,458.33","1,956","r""en",3,1,{rain},"{r""en}",1,NN|VB,551.839,-0.836,124.902,26,1,584,-0.666,254.855,,1
raincoat,8,191,5.252,1.65,1.929,0.81,1.839,0,0,0,0,0,,,,,,,,,,,5,0.248,0,1.329,5.5,5.955,5.63,3.48,5.42,"38,576","5,510.86","4,042","r""en.k%ot",6,2,{rain}{coat},"{r""en}.{k%ot}",2,NN,740.324,-0.275,308.053,28,0.97,637.179,-0.398,94.672,,1
raining,7,"1,159",7.055,9.78,2.699,4.51,2.579,7,21,31,5,10,6.4,6.247,6.12,6.764,6.289,4,8,3,4.2,1.1,,0.388,0,1.554,3.6,,,,,"48,892","8,148.67","6,054","r""en.IN",5,2,{rain}>ing>,"{r""en}.>IN>",2,VB|NN,598.529,-0.551,123.042,26,0.97,633.308,-0.492,279.533,,1
rake,4,919,6.823,2.98,2.185,1.04,1.944,17,43,43,16,16,9.2,7.816,7.816,9.083,9.083,15,9.8,2,4.1,0.74,4.84,0.414,0,1.628,5.32,6.136,4.75,4.22,5.24,"8,502","2,834.00",895,"r""ek",3,1,{rake},"{r""ek}",1,VB|NN,612.862,-0.429,186.674,28,0.91,541.5,-0.778,106.005,,1
rare,4,"36,258",10.498,21.31,3.037,10.3,2.937,17,36,36,9,9,8,8.721,8.721,7.933,7.933,3,11.2,14,7.3,1.31,1.96,0.665,"7,621",2.075,7.45,,6.05,5.1,5.08,"20,328","6,776.00","3,683","r""Er",3,1,{rare},"{r""Er}",1,JJ,566.97,-0.686,162.721,27,0.97,570.148,-0.682,84.28,,1
recorders,9,"1,411",7.252,0.63,1.518,0.32,1.447,0,1,1,0,0,,8.36,8.36,,,,,,,,,,,,,,,,,"43,728","5,466.00","6,869","rI.k""Or4.@`z",8,3,{record}>er>>s>,"{rI.k""Or4}.>@`>>z>",3,NN,,,,,,,,,,
red,3,"103,819",11.55,148.06,3.878,36.27,3.483,18,35,35,13,13,8.6,8.497,8.497,9.109,9.109,0,,18,8.6,1.34,4.24,0.685,"8,842",1.879,3.68,1.577,5.67,5.02,5.2,"16,364","8,182.00","2,865","r""Ed",3,1,{red},"{r""Ed}",1,JJ|NN,542.758,-0.865,140.589,28,0.97,542.821,-0.815,73.491,,1
register,8,"20,789",9.942,11,2.75,5.04,2.627,1,0,0,0,0,5.1,,,,,0,,1,5.1,1.96,3.87,0.61,"3,922",1.748,8.63,4,5.43,3.14,5.29,"45,219","6,459.86","6,749","r""E.dZI.st@`",7,3,{register},"{r""E.dZI.st@`}",1,VB|NN,606.147,-0.55,134.358,26,1,570.308,-0.627,101.714,,0.963
ribbon,6,"3,592",8.186,5.06,2.413,1.86,2.196,1,3,3,1,1,5.5,7.183,7.183,5.455,5.455,0,,1,5.5,1.5,4.89,0.56,390,1.598,5.25,6.375,6.7,3.63,5.31,"17,393","3,478.60","1,954","r""I.b@n",5,2,{ribbon},"{r""I.b@n}",1,NN,752.967,-0.222,402.307,27,0.94,580.519,-0.615,82.162,,0.964
ripe,4,"1,286",7.159,4.18,2.33,2.18,2.265,14,27,27,11,11,7.5,7.926,7.926,8.279,8.279,8,9.1,6,5.4,0.95,3.3,0.484,0,1.716,7.11,1.963,5.57,4.78,5.72,"10,373","3,457.67","1,159","r""aIp",3,1,{ripe},"{r""aIp}",1,JJ|NN,708.188,-0.379,260.59,27,0.97,599.074,-0.615,112.452,,1
river,5,"27,274",10.214,55.47,3.452,14.44,3.083,13,12,12,5,5,5.9,6.295,6.295,7.108,7.108,0,,13,5.9,1.73,4.89,0.647,"5,936",1.543,4.9,4.64,6.72,4.22,4.89,"24,313","6,078.25","3,600","r""I.v@`",4,2,{river},"{r""I.v@`}",1,NN,605.824,-0.544,152.572,28,1,600.071,-0.561,121.245,,1
roof,4,"5,626",8.635,35.65,3.26,13.69,3.06,9,27,27,6,6,7.2,6.488,6.488,7.466,7.466,2,10.8,7,6.1,1.21,4.79,0.621,"4,746",1.627,5,3.792,4.48,3.4,7.05,"6,677","2,225.67","1,522","r""uf",3,1,{roof},"{r""uf}",1,NN,641.147,-0.644,301.8,28,1,567.5,-0.702,175.141,,1
rough,5,"10,148",9.225,37.39,3.281,17.27,3.161,10,24,27,3,3,5.6,7.217,7.187,5.951,5.951,1,9.8,9,5.1,1.66,3.83,0.629,"5,637",1.936,6.21,1.885,3.68,5.43,4.88,"9,578","2,394.50","2,050","r""Vf",3,1,{rough},"{r""Vf}",1,JJ|RB|VB,614.971,-0.628,199.184,29,1,603.724,-0.536,134.001,,1
salad,5,"2,491",7.82,17.02,2.939,6.99,2.769,0,4,4,0,0,,4.695,4.695,,,,,,,,4.97,0.51,0,1.113,5.61,6.111,6.35,3.78,6.11,"13,743","3,435.75","2,575","s""a.l@d",5,2,{salad},"{s""a.l@d}",1,NN,645.824,-0.52,240.866,27,1,627.556,-0.512,83.131,,1
satisfactory,12,"2,529",7.836,3,2.188,1.5,2.104,0,0,0,0,0,,,,,,,,,,,1.8,0.553,2,2.099,8.84,,6.62,3.14,6.12,"39,347","3,577.00","3,897","s%a.4@s.f""ak.t@`.ri",12,5,{satis--fact--ory},"{s%a.4@s-.-f""ak.t--@`.ri}",3,JJ,782,-0.039,301.957,26,0.97,658.615,-0.221,87.5,,0.963
scarce,6,"1,890",7.544,1.71,1.944,0.98,1.919,0,4,4,0,0,,6.601,6.601,,,,,,,,2.57,0.561,342,1.893,10.53,1.44,3.37,3.9,4.04,"15,335","3,067.00","2,220","sk""Ers",5,1,{scarce},"{sk""Ers}",1,JJ,669.312,-0.339,146.774,24,0.97,695.833,0,112.812,,0.923
scared,6,"7,739",8.954,133.39,3.833,39.53,3.521,9,9,9,5,5,6.9,6.936,6.936,6.95,6.95,1,9.8,8,6.6,1.29,2.5,0.559,54,1.589,3.79,2.52,2.8,6.1,4.2,"28,105","5,621.00","3,808","sk""Erd",5,1,{scare}>ed>,"{sk""Er}>d>",2,VB|JJ,687,-0.382,345.954,24,0.97,747.333,0.082,185.481,,0.923
scarf,5,826,6.717,4.69,2.38,1.97,2.22,6,3,3,2,2,4.7,5.576,5.576,5.264,5.264,3,8.1,3,1.4,1.43,4.97,0.435,0,1.465,5.68,6.435,6,2.39,6.39,"11,988","2,997.00","1,833","sk""Arf",5,1,{scarf},"{sk""Arf}",1,NN,696.242,-0.449,185.193,29,1,673.483,-0.194,137.645,,1
scarlet,7,"1,762",7.474,3.27,2.225,0.8,1.833,1,1,1,1,1,5.2,5.215,5.215,5.215,5.215,0,,1,5.2,1.43,4.04,0.563,534,1.469,11.358,,,,,"21,950","3,658.33","3,759","sk""Ar.l@t",7,2,{scarlet},"{sk""Ar.l@t}",1,JJ|NN,653.844,-0.422,237.715,27,0.97,672.593,-0.211,93.061,,1
shingle,7,129,4.86,0.75,1.591,0.36,1.491,1,5,5,0,0,0,6.768,6.768,,,0,,1,0,0,4.82,0.437,0,1.113,8.56,4.625,4.45,3.71,4.52,"36,003","6,000.50","3,652","S""IN.gl=",5,2,{shingle},"{S""IN.gl=}",1,NN|VB,753.345,0.049,239.556,26,0.88,672.154,-0.175,119.582,,1
silent,6,"9,257",9.133,23,3.07,9.36,2.895,0,1,1,0,0,,9.176,9.176,,,,,,,,3.67,0.631,"5,830",1.709,4.42,1.652,5.14,3.21,6.59,"25,394","5,078.80","3,449","s""aI.l@nt",6,2,{sil--ent},"{s""aI.l--@nt}",2,JJ,658.212,-0.521,265.246,28,1,665.643,-0.341,127.035,,1
silly,5,"21,570",9.979,57.1,3.464,22,3.266,12,31,31,9,9,6.2,6.305,6.305,6.552,6.552,0,,12,6.2,1.62,2.2,0.555,8,1.584,4.17,,6.72,4.86,6.5,"13,994","3,498.50","2,708","s""I.li",4,2,{silly},"{s""I.li}",1,JJ|NN,664.939,-0.557,265.811,26,1,632.577,-0.346,139.399,,1
skinny,6,"3,377",8.125,13.98,2.854,5.44,2.66,1,8,8,0,0,4,3.898,3.898,,,0,,1,4,2.02,3.57,0.461,0,1.441,5.16,2.24,5.36,4.27,5.79,"17,502","3,500.40","1,353","sk""In.i",5,2,{skin}>y>,"{sk""In}.>i>",2,JJ,623.941,-0.646,147.27,24,1,729.125,0.049,134.893,,1
sleet,5,140,4.942,0.65,1.532,0.36,1.491,7,18,18,5,5,8.3,7.585,7.585,8.043,8.043,7,8.3,0,,0.6,4.78,0.335,0,1.155,11.72,3.333,4.4,4,3.88,"12,501","3,125.25","1,972","sl""it",4,1,{sleet},"{sl""it}",1,NN,713.333,-0.355,240.67,27,0.79,667.963,-0.195,187.545,,1
slimy,5,"1,228",7.113,3.12,2.204,1.51,2.107,2,5,5,0,0,6.2,3.858,3.858,,,1,7.6,1,4.8,1.15,3.26,0.299,0,1.446,6.28,1.69,3.21,5.1,5,"8,810","2,202.50","1,258","sl""aIm.i",5,2,{slime}>y>,"{sl""aIm}.>i>",2,JJ,726.276,-0.161,251.17,27,0.88,726.37,-0.055,181.787,,0.964
slope,5,"2,688",7.897,2.94,2.179,1.43,2.083,3,14,14,2,2,5.7,7.079,7.079,6.864,6.864,1,9.3,2,3.9,1.39,4.07,0.579,"1,332",1.506,8.67,3.2,5.42,3.59,4.5,"8,800","2,200.00","2,000","sl""op",4,1,{slope},"{sl""op}",1,NN|VB,621.094,-0.47,191.168,26,0.97,688.846,-0.144,144.487,,1
sloppy,6,"2,425",7.794,5.88,2.479,3.05,2.41,2,5,5,2,2,6.6,5.416,5.416,6.627,6.627,1,10.2,1,3,1.18,2.44,0.374,0,1.825,5.89,1.455,3.42,3.64,3.62,"6,731","1,346.20","1,693","sl""Ap.i",5,2,{slop}>y>,"{sl""Ap}.>i>",2,JJ,567.152,-0.665,185.128,27,1,643.926,-0.393,106.86,,1
small,5,"158,742",11.975,124.96,3.804,42.12,3.548,3,3,3,2,2,9.4,8.843,8.843,8.557,8.557,0,,3,9.4,1.28,3.22,0.691,"8,973",2.226,3.22,2.48,5.76,3.43,4.53,"14,206","3,551.50","1,118","sm""Ol",4,1,{small},"{sm""Ol}",1,JJ|NN,537.938,-0.783,131.993,26,0.97,711.692,-0.23,173.39,,1
smart,5,"17,782",9.786,96.25,3.691,33.3,3.446,2,1,1,1,1,8,12.058,12.058,12.058,12.058,1,12.1,1,4,1.22,1.75,0.623,"5,422",1.803,5.5,,7.73,3.81,6.81,"12,389","3,097.25","1,499","sm""Art",5,1,{smart},"{sm""Art}",1,JJ|NN|VB,590.212,-0.774,344.088,27,0.97,652.333,-0.399,154.166,,1
snake,5,"5,217",8.56,22.35,3.057,6.27,2.722,6,10,10,3,3,6.4,6.793,6.793,6.572,6.572,1,8.6,5,6,1.34,5,0.603,"3,592",1.614,5.1,3.957,4.03,7.24,3.65,"5,865","1,466.25","1,346","sn""ek",4,1,{snake},"{sn""ek}",1,NN|VB,672.03,-0.589,371.855,24,0.97,692.125,-0.195,93.227,,1
snug,4,"1,259",7.138,1.43,1.869,0.79,1.826,5,7,7,5,5,6.5,6.509,6.509,6.498,6.498,2,7.8,3,5.6,1.1,2.54,0.272,0,1.531,6.38,1.913,5.63,3.25,5.54,"1,794",598,550,"sn""Vg",4,1,{snug},"{sn""Vg}",1,JJ,760.143,-0.137,272.155,24,0.85,727.292,-0.058,133.252,,0.923
soft,4,"22,233",10.009,32.02,3.213,14.44,3.083,5,10,10,3,3,7.5,5.684,5.684,8.18,8.18,1,11.3,4,6.6,1.33,3.88,0.636,"5,670",1.772,3.95,2.333,7.13,3.04,6.1,"2,344",781.333,794,"s""Oft",4,1,{soft},"{s""Oft}",1,JJ|RB,593.812,-0.515,204.203,27,0.97,628.852,-0.461,157.249,,1
soup,4,"6,046",8.707,25.2,3.109,9.1,2.883,5,21,21,2,2,7.5,6.812,6.812,5.778,5.778,2,9.7,3,6,1.16,4.72,0.557,197,1.491,5.37,5.577,7.05,4.24,6.64,"5,967","1,989.00","1,721","s""up",3,1,{soup},"{s""up}",1,NN|VB,539.559,-0.825,119.925,27,1,610.111,-0.414,89.252,,1
sour,4,"2,340",7.758,5.82,2.474,2.98,2.4,13,21,21,3,3,8.3,6.214,6.214,4.406,4.406,7,10.7,6,5.6,0.93,3.14,0.545,0,1.782,4.89,2.208,3.95,4.95,4.34,"8,032","2,677.33","2,014","s""aUr",3,1,{sour},"{s""aUr}",1,JJ|VB|NN,649.152,-0.504,275.175,27,1,643.963,-0.312,90.228,,1
special,7,"105,765",11.569,148.57,3.88,46.32,3.59,0,2,2,0,0,,6.214,6.214,,,,,,,,1.76,0.694,"9,332",2.24,5,,7.5,3.48,6.72,"17,216","2,869.33","2,602","sp""E.Sl=",5,2,{special},"{sp""E.Sl=}",1,JJ|NN,620.912,-0.464,170.611,27,1,690.074,-0.064,131.074,,1
splinter,8,548,6.306,1.47,1.881,0.64,1.74,1,4,4,1,1,4.9,6.028,6.028,4.913,4.913,0,,1,4.9,1.28,4.41,0.455,0,1.804,4.72,4.652,3.15,4.5,5.67,"50,430","7,204.29","5,468","spl""In4.@`",7,2,{splint}>er>,"{spl""In4}.>@`>",2,NN|VB,621.069,-0.365,168.312,26,0.91,658.038,-0.138,148.109,,1
spotted,7,"3,528",8.168,10.24,2.719,5.27,2.646,6,6,6,3,3,4.3,4.606,4.606,4.014,4.014,0,,6,4.3,1.9,3.6,0.597,"2,859",1.775,5.39,2.217,,,,"23,760","3,960.00","4,385","sp""A4.@d",6,2,{spot}>ed>,"{sp""A4}.>@d>",2,VB,698.515,-0.429,261.284,27,1,684.481,-0.192,123.831,,0.964
starving,8,"2,093",7.646,16.96,2.938,8.58,2.858,3,3,3,2,2,7.8,5.74,5.74,7.805,7.805,2,9.4,1,4.7,0.98,2.89,0.461,0,1.625,6.32,,2.86,5.1,4.86,"42,371","6,053.00","6,557","st""Arv.IN",7,2,{starve}>ing>,"{st""Arv}.>IN>",2,VB,657.882,-0.466,238.331,28,1,664.036,-0.148,130.691,,1
statue,6,"7,801",8.962,10.59,2.733,3.78,2.502,1,1,1,0,0,10.7,6.973,6.973,,,1,10.7,0,,0.84,4.93,0.613,"4,120",1.457,7.55,4.778,5.95,2.82,4.95,"21,663","4,332.60","2,972","st""a.tSu",5,2,{statue},"{st""a.tSu}",1,NN,695,-0.26,187.577,25,0.97,674,-0.256,150.099,,0.926
stove,5,"1,846",7.521,7.59,2.589,3.36,2.452,8,9,9,5,5,8.3,6.406,6.406,8.329,8.329,5,9.7,3,6,0.91,4.96,0.474,0,1.3,4.32,5.75,5.63,3.82,6.08,"14,823","3,705.75","2,405","st""ov",4,1,{stove},"{st""ov}",1,NN,664.853,-0.548,260.607,28,1,693.929,-0.051,116.227,,1
strange,7,"32,164",10.379,86.43,3.644,30.17,3.404,0,3,3,0,0,,6.672,6.672,,,,,,,,1.86,0.638,"6,112",1.802,6.42,1.583,4.72,3.5,5.28,"35,172","5,862.00","4,148","str""endZ",6,1,{strange},"{str""endZ}",1,JJ|NN,637.206,-0.558,180.608,26,1,669.077,-0.177,130.827,,1
stream,6,"11,580",9.357,8.04,2.614,3.51,2.47,2,6,6,2,2,8.4,6.508,6.508,8.367,8.367,0,,2,8.4,1.12,4.5,0.634,"5,615",1.802,6.47,4.679,6.9,4.35,5.09,"24,182","4,836.40","3,269","str""im",5,1,{stream},"{str""im}",1,NN|VB,627.781,-0.578,195.176,26,1,687.462,-0.05,161.083,,1
strenuous,9,421,6.043,0.59,1.491,0.35,1.477,0,0,0,0,0,,,,,,,,,,,2.55,0.415,0,1.769,12.18,,4.14,5.14,4.65,"33,741","4,217.63","4,527","str""E.nju@s",9,2,{strenuous},"{str""E.nju@s}",1,JJ,736.923,-0.045,195.612,25,0.81,783.92,0.338,127.057,,0.926
string,6,"33,204",10.41,12.67,2.811,6.02,2.704,5,14,14,5,5,7.3,6.238,6.238,7.305,7.305,1,11.1,4,6.3,1.43,4.76,0.636,"6,024",1.671,4.94,5.626,5.25,3.8,5.62,"40,305","8,061.00","4,348","str""IN",5,1,{string},"{str""IN}",1,NN|VB,619.647,-0.559,163.44,27,1,758.259,0.25,157.475,,1
stunning,8,"2,245",7.716,4.1,2.322,2.18,2.265,2,5,5,0,0,4.3,5.083,5.083,,,0,,2,4.3,1.79,2.21,0.553,84,1.647,9.74,,6.24,6.5,5.81,"39,554","5,650.57","6,488","st""Vn.IN",6,2,{stun}>ing>,"{st""Vn}.>IN>",2,JJ|NN|VB,750.2,-0.334,301.375,28,1,701.179,-0.056,141.88,,1
sunny,5,"4,385",8.386,7.67,2.593,3.47,2.465,7,15,19,5,9,5.6,6.819,6.903,6.252,6.572,2,9.5,5,4.1,1.49,4.2,0.566,838,1.663,6.17,1.913,7.95,5.38,5.11,"5,880","1,470.00","2,071","s""Vn.i",4,2,{sun}>y>,"{s""Vn}.>i>",2,JJ|NN,637.688,-0.472,210.986,27,0.97,658,-0.386,127.201,,1
swan,4,"1,631",7.397,6.82,2.543,1.28,2.033,11,13,13,3,3,7.6,5.879,5.879,7.361,7.361,5,9.1,6,6.4,0.97,4.96,0.594,"3,070",1.744,6.318,4.208,,,,"8,975","2,991.67","1,521","sw""An",4,1,{swan},"{sw""An}",1,NN|VB,599.226,-0.591,180.696,25,0.91,693.64,-0.169,129.145,,0.962
sweet,5,"15,494",9.648,145.2,3.87,42.66,3.554,7,9,13,5,5,7.1,6.302,6.758,6.47,6.47,1,9.7,6,6.7,1.36,4,0.626,"5,156",1.677,4.53,3.125,7.77,4.14,6.12,"6,183","1,545.75","1,414","sw""it",4,1,{sweet},"{sw""it}",1,JJ|NN,555.824,-0.792,163.918,21,0.97,628.429,-0.428,98.321,,0.955
sword,5,"16,752",9.726,26.18,3.126,5.51,2.666,3,26,30,0,0,6.7,6.771,6.743,,,0,,3,6.7,1.45,4.93,0.619,"4,816",1.333,5.45,5.462,5.27,5.95,6,"7,608","1,902.00","1,002","s""Ord",4,1,{sword},"{s""Ord}",1,NN,571.182,-0.682,122.692,27,0.97,679.667,-0.226,150.443,,0.964
teal,4,377,5.932,0.51,1.431,0.17,1.176,17,49,49,15,15,8,7.281,7.281,7.621,7.621,12,9.2,5,5,0.75,4.07,0.411,0,0.871,9.42,1.435,5.7,3.73,5.7,"17,568","5,856.00","2,277","t""il",3,1,{teal},"{t""il}",1,NN|JJ,751.483,-0.064,207.271,26,0.85,626.923,-0.41,115.848,,0.963
tent,4,"3,187",8.067,17.49,2.951,5.31,2.649,17,25,25,14,14,8.8,7.906,7.906,8.925,8.925,10,10.1,7,6.8,0.92,4.96,0.57,"1,042",1.452,5.16,5.5,6.23,3.38,5.91,"21,097","7,032.33","2,536","t""Ent",4,1,{tent},"{t""Ent}",1,NN,579.182,-0.731,270.384,28,0.97,574.286,-0.715,70.261,,1
theory,6,"48,737",10.794,28.61,3.164,11.5,2.985,0,0,0,0,0,,,,,,,,,,,1.47,0.659,"6,944",1.626,9.37,1.5,5.65,4.41,5.76,"12,736","2,547.20","2,125","T""i@`.ri",5,2,{theor--y},"{T""i@`.r--i}",2,NN,602.774,-0.622,149.829,26,0.94,626.462,-0.34,131.599,,0.963
thick,5,"11,429",9.344,13.98,2.854,6.72,2.752,3,18,18,1,1,10.4,8.607,8.607,8.064,8.064,2,11.5,1,8.1,0.9,4,0.608,"3,056",1.759,5.61,1.724,4.63,3.13,5.72,"11,350","2,837.50","2,152","T""Ik",3,1,{thick},"{T""Ik}",1,JJ|NN|RB,662.406,-0.626,322.767,27,0.91,650.852,-0.353,155.608,,0.964
thin,4,"14,257",9.565,20.18,3.013,9.57,2.905,7,25,25,2,2,10.1,7.837,7.837,7.923,7.923,3,14,4,7.2,0.95,3.83,0.62,"4,259",1.81,6.47,2.591,5.47,4.5,5.33,"19,529","6,509.67","2,124","T""In",3,1,{thin},"{T""In}",1,JJ|RB|NN|VB,622.441,-0.54,213.624,26,0.97,591.615,-0.593,130.455,,1
tiara,5,125,4.828,1.78,1.964,0.54,1.663,0,0,0,0,0,,,,,,,,,,,4.89,0.38,0,,6.77,,5.48,5.05,5.23,"23,676","5,919.00","2,089","ti.""A.r@",5,3,{tiara},"{ti.""A.r@}",1,NN,828,0.024,288.567,23,0.68,773.087,0.175,180.646,,0.92
tight,5,"19,366",9.871,50.92,3.415,21.61,3.259,9,42,42,8,8,9.8,8.339,8.339,9.852,9.852,5,11.8,4,7.4,1,3.87,0.607,"4,037",1.898,5.252,2.083,,,,"12,456","3,114.00","1,333","t""aIt",3,1,{tight},"{t""aIt}",1,JJ|RB,612.371,-0.628,241.064,28,1,599.25,-0.6,90.516,,1
tiny,4,"15,764",9.665,32.22,3.216,13.02,3.039,7,12,12,3,3,6,4.98,4.98,5.871,5.871,1,10.2,6,5.3,1.62,3.11,0.626,"5,221",1.851,5.33,1.667,5.1,4.6,6.16,"24,187","8,062.33","1,457","t""aI.ni",4,2,{tiny},"{t""aI.ni}",1,JJ|NN,604.97,-0.631,212.225,25,0.94,660.48,-0.368,94.791,,1
toad,4,"1,692",7.434,5.69,2.464,1.55,2.117,7,36,39,5,5,8.4,7.009,6.987,8.194,8.194,4,10.7,3,5.3,0.88,5,0.504,0,1.523,6.11,4.2,6,3.62,4.84,"5,672","1,890.67","1,334","t""od",3,1,{toad},"{t""od}",1,NN,657.455,-0.525,188.63,28,1,606.5,-0.515,116.098,,1
toddler,7,"1,032",6.939,0.78,1.613,0.41,1.544,3,6,6,3,3,2.2,2.597,2.597,2.154,2.154,0,,3,2.2,3.22,4.29,0.4,0,1.289,6.11,5.875,6.28,4.2,4.88,"24,954","4,159.00","5,225","t""A.4l=.@`",5,3,{toddle}>er>,"{t""A.4l=}.>@`>",2,NN,643.486,-0.483,156.265,28,1,686.571,-0.273,262.233,,1
tooth,5,"3,129",8.048,13.57,2.841,4.78,2.604,3,13,13,1,1,6,7.476,7.476,8.404,8.404,1,8.4,2,4.8,1.34,4.89,0.568,805,1.715,3.61,6.037,5.06,3.52,4.89,"9,128","2,282.00","2,576","t""uT",3,1,{tooth},"{t""uT}",1,NN,634.559,-0.584,225.621,25,1,612.12,-0.538,109.392,,0.962
tough,5,"17,334",9.76,90.51,3.664,32.74,3.439,10,24,24,4,4,5.8,6.809,6.809,6.944,6.944,1,10.5,9,5.3,1.69,2.5,0.612,"4,512",1.958,5.47,1.958,4.45,4.24,6,"8,075","2,018.75","2,049","t""Vf",3,1,{tough},"{t""Vf}",1,JJ|NN,592.129,-0.627,128.945,27,0.94,633.63,-0.505,144.483,,1
tournament,10,"15,764",9.665,9.1,2.667,1.87,2.199,0,0,0,0,0,,,,,,,,,,,4.11,0.614,"3,891",0.96,7.83,2.517,6.24,4.08,5.18,"30,934","3,437.11","3,824","t""Ur.n@.m@nt",9,3,{tournament},"{t""Ur.n@.m@nt}",1,NN,744.545,-0.152,220.182,26,0.97,740.192,0.14,162.257,,0.963
train,5,"23,376",10.059,95.06,3.686,20.98,3.246,7,12,12,6,6,8.7,7.918,7.918,9.052,9.052,1,10.9,6,8.3,1.16,4.79,0.668,"7,974",1.568,4,5.333,6.36,4.05,5.72,"25,694","6,423.50","3,920","tr""en",4,1,{train},"{tr""en}",1,NN|VB,581.257,-0.701,168.184,28,1,602.929,-0.586,119.108,,1
trees,5,"14,693",9.595,30.69,3.195,11.6,2.989,7,16,16,4,4,5.6,5.821,5.821,6.037,6.037,1,9.6,6,4.9,1.71,,0.637,"5,743",1.501,3.57,,,,,"26,121","6,530.25","3,881","tr""iz",4,1,{tree}>s>,"{tr""i}>z>",2,NN,606.588,-0.64,254.455,26,1,639.077,-0.453,114.069,,1
tropics,7,389,5.964,0.78,1.613,0.41,1.544,0,1,1,0,0,,8.977,8.977,,,,,,,,4.08,0.502,0,1.148,10.47,,7.05,4.74,6.19,"15,718","2,619.67","3,925","tr""A.pIks",7,2,{trop--ic}>s>,"{tr""A.p--Ik}>s>",3,NN,708.219,-0.213,182.421,27,0.97,651.852,-0.348,242.573,,0.964
truth,5,"52,771",10.874,192.18,3.991,49.99,3.623,1,7,7,1,1,4.5,5.531,5.531,4.511,4.511,0,,1,4.5,2.41,1.96,0.646,"6,545",1.763,4.42,1.963,7.19,3.88,6.95,"9,063","2,265.75","2,316","tr""uT",4,1,{truth},"{tr""uT}",1,NN,623.152,-0.548,181.446,26,1,588.615,-0.585,89.257,,1
tubas,5,56,4.025,0.04,0.477,0.02,0.477,2,3,3,1,1,6.7,4.197,4.197,4.644,4.644,2,6.7,0,,0.6,,,,,,,,,,"7,019","1,754.75","1,282","t""u.b@z",5,2,{tuba}>s>,"{t""u.b@}>z>",2,NN,,,,,,,,,,
tulips,6,337,5.82,1.14,1.771,0.5,1.633,0,0,0,0,0,,,,,,,,,,,,0.309,0,0.836,7.149,,,,,"11,259","2,251.80","1,725","t""u.l@ps",6,2,{tulip}>s>,"{t""u.l@p}>s>",2,NN,687.656,-0.44,324.166,26,0.94,674.885,-0.286,106.796,,0.963
tyranny,7,"2,708",7.904,1.61,1.919,0.8,1.833,0,0,0,0,0,,,,,,,,,,,1.68,0.48,0,1.55,12.12,2.083,3.19,5.45,2.67,"15,759","2,626.50","1,731","t""I.r@.ni",6,3,{tyrann--y},"{t""I.r@.n--i}",2,NN,713.379,-0.269,217.14,24,0.85,829.083,0.34,145.378,,0.889
ugly,4,"11,466",9.347,42.16,3.333,17.08,3.156,0,0,0,0,0,,,,,,,,,,,3.23,0.57,809,1.78,4.17,2.643,2.47,4.43,3.86,"5,552","1,850.67",134,"""V.gli",4,2,{ugly},"{""V.gli}",1,JJ,574.294,-0.739,138.548,28,1,561.429,-0.702,80.953,,1
unavailable,11,"3,738",8.226,2.06,2.025,1.12,1.978,0,0,0,0,0,,,,,,,,,,,1.93,0.559,456,1.943,9.55,,3.52,3.85,3.67,"27,552","2,755.20","3,383","%Vn.@.v""el.@.bl=",9,5,<un<{a--vail}>able>,"<%Vn<.{@-.-v""el}.>@.bl=>",4,JJ,704.387,-0.255,199.179,28,1,715.429,-0.076,196.121,,1
understandable,14,"3,055",8.025,3.94,2.305,2.23,2.274,1,0,0,0,0,6.6,,,,,0,,1,6.6,1.21,1.85,0.444,0,2.088,8.35,,6.5,3.48,6.67,"61,803","4,754.08","7,242","%Vn.4@`.st""an4.@.bl=",12,5,{understand}>able>,"{%Vn.4@`.st""an4}.>@.bl=>",2,JJ,988.1,0.551,421.228,28,0.97,645.536,-0.292,118.829,,1
unfriendly,10,741,6.608,1.04,1.732,0.6,1.708,0,0,0,0,0,,,,,,,,,,,2.12,0.348,0,1.908,7,,2.3,4.05,4.45,"29,827","3,314.11","5,218","Vn.fr""End.li",9,3,<un<{friend}>ly>,"<Vn<.{fr""End}.>li>",3,JJ,722.375,-0.254,254.423,28,1,636.964,-0.526,118.183,,1
unhappy,7,"3,795",8.241,16.53,2.926,7.42,2.795,0,0,0,0,0,,,,,,,,,,,2.04,0.577,"1,555",1.861,4.89,,1.84,5.1,3.71,"8,678","1,446.33","1,847","Vn.h""a.pi",6,3,<un<{happy},"<Vn<.{h""a.pi}",2,JJ,616.323,-0.605,139.007,28,0.97,548.964,-0.753,99.585,,1
unique,6,"24,825",10.12,13.65,2.843,6.31,2.724,0,1,1,0,0,,5.529,5.529,,,,,,,,1.89,0.679,"8,313",2.106,8.63,,7.32,4,6.43,"8,583","1,716.60","1,965","ju.n""ik",5,2,{unique},"{ju.n""ik}",1,JJ|NN,639.387,-0.668,162.881,22,0.94,614.273,-0.552,96.319,,1
unkind,6,313,5.746,1.39,1.857,0.76,1.813,2,3,3,2,2,5.1,6.267,6.267,5.07,5.07,1,5.8,1,4.4,1.13,2.22,0.246,0,1.649,7.21,,2.55,4.24,4.84,"22,849","4,569.80","2,983","Vn.k""aInd",6,2,<un<{kind},"<Vn<.{k""aInd}",2,JJ,633.879,-0.549,163.456,26,1,539.077,-0.79,92.197,,1
unsettling,10,345,5.844,0.8,1.623,0.48,1.613,0,1,1,0,0,,0,0,,,,,,,,1.42,0.351,0,1.729,9.74,,,,,"45,877","5,097.44","5,938","Vn.s""E.4l=.IN",8,4,<un<{settle}>ing>,"<Vn<.{s""E.4l=}.>IN>",3,VB|NN,717.312,-0.145,192.917,27,0.97,725.074,-0.197,192.86,,1
useful,6,"55,233",10.919,13.12,2.826,6.74,2.753,0,1,1,0,0,,6.719,6.719,,,,,,,,2.14,0.651,"6,083",2.045,6.39,,7.1,3.82,6.81,"11,069","2,213.80",639,"j""us.fl=",5,2,{use}>ful>,"{j""us}.>fl=>",2,JJ|NN,693.515,-0.567,384.849,24,1,601.625,-0.458,191.201,,1
warm,4,"21,018",9.953,52.14,3.425,22.38,3.274,11,12,12,5,5,8,7.787,7.787,8.958,8.958,3,10.3,8,7.2,1.24,3.56,0.615,"4,385",1.727,4.65,2.542,7.5,3.35,6.33,"8,367","2,789.00","3,089","w""Orm",4,1,{warm},"{w""Orm}",1,JJ|VB,591.529,-0.749,219.511,27,0.97,557.296,-0.676,78.747,,1
wary,4,"1,884",7.541,0.75,1.591,0.38,1.518,14,28,28,4,4,8.2,7.951,7.951,7.628,7.628,9,9.6,5,5.6,0.92,1.82,0.468,0,1.947,10.11,,3.9,3.96,5.16,"8,300","2,766.67","2,739","w""E.ri",4,2,{wary},"{w""E.ri}",1,JJ|NN,736.931,-0.194,236.215,25,0.88,622.2,-0.418,99.972,,0.926
water,5,"105,961",11.571,225.06,4.06,49.2,3.616,9,9,9,1,1,6.7,6.169,6.169,3.332,3.332,1,11.6,8,6.1,1.72,5,0.67,"7,707",1.816,2.37,6.192,7,3.71,6.12,"31,185","7,796.25","5,190","w""O.4@`",4,2,{water},"{w""O.4@`}",1,NN|VB,564.879,-0.843,172.18,27,1,569.704,-0.754,126.908,,0.964
weak,4,"17,123",9.748,31.51,3.206,14.08,3.073,8,33,36,6,9,7.7,7.108,7.24,6.66,7.366,2,11,6,6.7,1.26,2.79,0.638,"5,989",2.041,5.58,1.76,2.95,4.9,5.32,"4,780","1,593.33","1,659","w""ik",3,1,{weak},"{w""ik}",1,JJ|NN,603.097,-0.628,166.726,23,0.94,541.957,-0.698,159.278,,1
wheel,5,"19,368",9.871,27.06,3.14,10.15,2.93,0,6,6,0,0,,7.113,7.113,,,,,,,,4.86,0.628,"5,144",1.493,4.4,5.458,5.9,4,6.16,"9,460","2,365.00","2,149","hw""il",4,1,{wheel},"{hw""il}",1,NN|VB,563.424,-0.792,117.471,29,0.97,600.379,-0.648,99.95,,1
wide,4,"63,297",11.056,23.8,3.085,11.71,2.993,16,37,40,12,12,8.2,7.783,7.721,8.906,8.906,1,11.6,15,7.9,1.35,3.06,0.676,"8,058",2.198,5.84,2.167,4.58,3.05,6.2,"7,426","2,475.33","1,441","w""aId",3,1,{wide},"{w""aId}",1,JJ|RB|NN,561.118,-0.833,168.777,28,0.97,565.429,-0.769,85.23,,1
window,6,"54,926",10.914,86,3.642,29.11,3.388,1,0,0,0,0,3.5,,,,,0,,1,3.5,3.09,4.86,0.637,"6,088",1.628,4.74,5.68,6.47,3.27,5.39,"21,372","4,274.40","2,770","w""In.do",5,2,{window},"{w""In.do}",1,NN,640.129,-0.567,215.64,26,0.94,601.923,-0.641,149.694,,0.963
woods,5,"9,313",9.139,29.06,3.171,8.82,2.87,9,12,16,4,4,6.3,6.258,5.946,7.816,7.816,2,10.5,7,5.1,1.45,4.87,0.637,"6,208",1.666,4.931,4.409,,,,"4,803","1,200.75","1,614","w""Udz",4,1,{wood}>s>,"{w""Ud}>z>",2,NN,573.875,-0.799,151.126,27,0.97,563.889,-0.691,92.239,,1
zebra,5,915,6.819,2.51,2.111,0.69,1.771,0,1,1,0,0,,6.609,6.609,,,,,,,,4.86,0.472,0,1.32,4.79,4,6.47,3.9,5.26,"8,928","2,232.00","1,084","z""i.br@",5,2,{zebra},"{z""i.br@}",1,NN,626.676,-0.572,252.491,27,1,643,-0.292,114.374,,1
ZOTE,4,6,1.792,,,,,7,0,0,0,0,8.2,,,,,7,8.2,0,,0.22,,,,,,,,,,"10,528","3,509.33","1,620",,,,,,,,,,,,,,,,,
unsolvable,10,159,5.069,0.04,0.477,0.02,0.477,0,1,1,0,0,,6.791,6.791,,,,,,,,,,,,,,,,,"16,224","2,317.71","2,849","s""Alv.@.bl=",9,4,{solve}>able>,"{s""Alv}.>@.bl=>",3,JJ,,,,,,,,,,
